name,contact,in_charge,location,beds,maps_link
GHANSHYAM CHARITABLE HOSPITAL,9415757343,Vivek KUMAR,"BAUDAI, PHULPUR, Prayagraj",100,https://maps.google.com
N K CHARITABLE HOSPITAL,9838868000,Bhan SINGH,"Gauhaniya, Prayagraj",100,https://maps.google.com
DWIVEDI HOSPITAL,9967594690,PANKAJ KUMAR DWIVEDI,"SORAON, Prayagraj",150,https://maps.google.com
Shri Suresh Chandra Hospi,9336762822,HIMANSHI JAIN,"HANDIA, Prayagraj",150,https://maps.google.com
SHRI DHARM RAJ HOSPITAL,9838325857,Manoj Kumar Pandey,"KAPARI SHANKARGARH, Prayagraj",50,https://maps.google.com
J PRAKASH MEMORIAL HOSPITAL PVT LTD,VIPIN KUMAR SINGH,,"RAHIMAPUR, JHUNSI, Prayagraj",50,https://maps.google.com
RAJ NURSING HOME,9135357575,VEENA SINGH,"23A PARK ROAD, Prayagraj",55,https://maps.google.com
MGM HOSPITAL,9415217389,PUSHPA PAL,"116 PIPAL GAON, KAUSHAMBI ROAD, JHALWA, Prayagraj",50,https://maps.google.com
MOHAKSHREE HOSPITAL PRIVATE LIMITED,9415217872,KAMAL SINGH,223/1 NEW MUIRABAD STANLEY ROAD (NEAR BELI HOSPITAL) PRAYAGRAJ,75,https://maps.google.com
VINEETA HOSPITAL PVT LTD,9335035427,BINDU VISHWAKARMA,10-3 A BYPASS ROAD PHAPHAMAU PRAYAGRAJ,298,https://maps.google.com
GURU KRIPA JAGRATI HOSPITAL,9415324157,SANJIV AGARWAL,124/A/1 CIVIL STATION THORNHILL RAOD PRAYAGRAJ,70,https://maps.google.com
UNITED MEDICITY,9721277444,VANSH GULATI,"VILL-JALALPUR GHOSHI RAWATPUR, TEHSIL SADAR PRAYAGRAJ",650,https://maps.google.com
Bachhu Singh Hospital,8303385843,Anuradha Singh,village Pachoha Tehsil Meja Prayagraj,100,https://maps.google.com
ALEXANDER HOSPITAL,9455245813,CHARU KRANTI,24/14 NAWAB YUSUF ROAD CIVIL LINES PRAYAGRAJ,50,https://maps.google.com
OJHA HOSPITAL ENT SURGICAL AND RESEARCH COMPLEX,9451513659,LAKSHMI SHANKER OJHA,8 TAGORE TOWN PRAYAGRAJ,150,https://maps.google.com
MAA SHARDA HOSPITAL,9415289146,RAJ KISHORE AGRAWAL,84/70 NEW BAIRAHANA PRAYAGRAJ,75,https://maps.google.com
MAA SHARDA NURSING HOME,9415289146,RAJ KISHORE AGRAWAL,PAWARI GAUHANIYA KARMA ROAD PRAYAGRAJ,100,https://maps.google.com
SARASWATI HEART CARE AND RESEARCH CENTRE PRIVATE LIMITED,9415216485,DINESH KUMAR AGRAWAL,PLOT NO 2 & 3 C.Y. CHINTAMANI ROAD DARBHANGA COLONY PRAYAGRAJ,50,https://maps.google.com
DEVRAJ HOSPITAL,9936892486,DEVRAJ SINGH,GT ROAD HANDIA PRAYAGRAJ,50,https://maps.google.com
SAVITRI HOSPITAL AND TRAUMA CENTRE,9452787501,VINOD KUMAR TRIPATHI,SHIVRAJPUR ROAD SHANKARGARH PRAYAGRAJ,150,https://maps.google.com
VATSALYA MATERNITY AND SURGICAL CENTRE PVT LTD,9598050251,NEERAJ AGRAWAL,6/8 ELGIN ROAD CIVIL LINES PRAYAGRAJ,100,https://maps.google.com
VATSALYA HOSPITAL GOHANIYA,9598050252,KIRTIKA AGRAWAL,NH 27 REWA ROAD PANWAR GOHANIYA PRAYAGRAJ,300,https://maps.google.com
KAMALA NEHRU MEMORIAL HOSPITAL,9839054661,MADHU CHANDRA,1 HASHIMPUR ROAD PRAYAGRAJ,376,https://maps.google.com
PHOENIX HOSPITAL,9415289136,ALOK MISHRA,49A/163 TAGORE TOWN PRAYAGRAJ,100,https://maps.google.com
SRIJAN HOSPITAL PVT LTD,9935532130,BB AGRAWAL,8/6 ELGIN ROAD CIVIL LINES PRAYAGRAJ,56,https://maps.google.com
DWIVEDI MEDICAL AND RESEARCH CENTRE PVT LTD,9415214326,SHAILESH DWIVEDI,39/17 (9-A) MUIR ROAD PRAYAGRAJ,50,https://maps.google.com
THE LEPROSY MISSION HOSPITAL NAINI,9335150609,RUBY MARSHALA,RAIWAY STATION ROAD NAINI PRAYAGRAJ,150,https://maps.google.com
SHAKUNTALA CHILD AND GENERAL HOSPITAL,9695181751,SHYAM KARTIKEY DWIVEDI,WARD NO 10 TOWN AREA HANDIA PRAYAGRAJ,100,https://maps.google.com
CHHOTE LAL HOSPITAL AND TRAUMA CENTRE,8317047874,MAHENDRA KUMAR,GT ROAD BARAUT HANDIA Prayagraj,100,https://maps.google.com
ANKUR HOSPITAL,9670284888,ARUNIMA SAXENA,1B/26 GT ROAD LAL BIHARA BAMRAULI PRAYAGRAJ,50,https://maps.google.com
ASHUTOSH HOSPITAL AND TRAUMA CENTRE PVT LTD,9889060330,UDAYBHAN YADAV,15/20 HASIMPUR ROAD Prayagraj,60,https://maps.google.com
YASH HOSPITAL U/O KRISHNA SWAROOP HOSPITAL PVT LTD,9889767555 / 9235659063,AVNISH KUMAR SAXENA,"8b, Elgin Road Civil Lines Prayagraj",50,https://maps.google.com
AJAY HOSPITAL,8174801640,AJAY SINGH,"196F/2A, GROUND FLOOR, RANGPURA, PHAPHAMAU, Prayagraj",5,https://maps.google.com
ALLAHABAD HEART CENTRE LLP,9235463760,OMER MUSTAFA HASAN,"13/A KAMLA NEHRU ROAD, Prayagraj",8,https://maps.google.com
CENTRAL HEALTH CARE AND JACHCHA BACHCHA KENDRA,7355118356,DR. NOORUDDIN,"287P - 129-9-A-3, CHAKNIRATUL NEW CHAKIYA, Prayagraj",10,https://maps.google.com
DR. SHEKHAR HOSPITAL,9721241079,DR. CHANDRA SHEKHAR GUPTA,"384 BHS ALLAPUR, Prayagraj",30,https://maps.google.com
NEW DELHI CENTRE FOR SIGHT LTD,9599094745,MR. ABHISHEK KUMAR,"3rd floor, Vinayak Ashirwad, 36/28, Taskent marg, PVR Chauraha, Civil Lines, Prayagraj",10,https://maps.google.com
MANTHAN HOSPITAL,7317864034,DR. ABHISHEK KUMAR DWIVEDI,"15A/1, WARD NO 30, CHAKDONDI, NAINI, Prayagraj",31,https://maps.google.com
NAINI CHILDRENS HOSPITAL,9205254437,DR. SANTOSH KUMAR GUPTA,"133A, INFRONT OF UDYOG NAGAR, NAI BAZAR, NAINI, Prayagraj",10,https://maps.google.com
ALKA HOSPITAL AND MATERNITY CENTRE,8858654045,PRADEEP BHANDARI,"SECTOR A-72, SHANTIPURAM, PHAPHAMAU, Prayagraj",10,https://maps.google.com
HAYES MEMORIAL MISSION HOSPITAL ALLAHABAD AGRICULTURAL UNIVERSITY,9984722224,DR RANU PRASAD,REWA ROAD NAINI PRAYAGRAJ,15,https://maps.google.com
Arogya Hospital,9452538434,SUSHIL MISHRA,Chamanganj Bazar Jhunsi Prayagraj,10,https://maps.google.com
NISHTHA HOSPITAL,9335708076,DR NISHA YADAV,GT ROAD KATKA JHUNSI PRAYAGRAJ,20,https://maps.google.com
Sarthak Hospital and fracture clinic,9452273142,Aditya kumar,Sarthak Hospital and fracture clinic trivenipuram jhunsi Prayagraj,9,https://maps.google.com
Ghausiya Hospital,9415367699,Dr Samiullah,88 Durjanpur Chauuraha Jhunsi,40,https://maps.google.com
DIYAFAR MULTISUPERSPECIALITY HOSPITAL AND CANCER RESEARCH CENTRE,6386492472,DR MOHAMMAD SHAQIB,"GADDOPUR , PHAPHAMAU , PRAYAGRAJ , U.P.",10,https://maps.google.com
VARDAN HOSPITAL,7007814890,VIKAS YADAV,"GADDOPUR , SHANTIPURAM , PHAPHAMAU, PRAYAGRAJ , NEAR - POPULER DHARAMKATA",10,https://maps.google.com
PRABHA HOSPITAL,9335859855,VINAY PRATAP,"GOHRI ROAD , NEAR - POLYTECHNIC COLLEGE , SHANTIPURAM , PHAPHAMAU , PRAYAGRAJ",15,https://maps.google.com
New Ashirwad Hospital,9695087648,Rohit Mishra,Shankar Dhal Naini,5,https://maps.google.com
Sai Hospital,9696829366,Dr Ram Chandra Vishwakarma,"MIG 14, 1- Block, Durwani Nagar ADA Colony Naini",5,https://maps.google.com
Anaya Hospital,9120533688,Ashish Kumar Kesharwani,Mundera Chungi Prayagraj,10,https://maps.google.com
NEELU HOSPITAL,9451051020,Dr Ram Singh Yadav,34 Chak Hariharvan Chhatng Road Jhunsi Prayagraj,15,https://maps.google.com
SANGAM HOSPITAL,9452603825,Dr Vibha Rai,Y1A1-2 Trivenipuram Jhunsi Prayagraj Near Pani Tanki,30,https://maps.google.com
SAMARTH HOSPITAL,8957081741,Suman Saroj,"37/46, Mundera Bazar, Prayagraj, UP",15,https://maps.google.com
NEW CARE AND CURE HOSPITAL,9305812530,Akmal Hussain Jafri,65 B / 9R Gaus Nagar Near Macca Masjid Bismillah Chauraha,5,https://maps.google.com
PRAVISHAL HEALTHCARE CENTER,9793584239,Dr Vishal Kumar Maurya,"28B, Chaklal Mohammad, Naini, Prayagraj, Uttar Pradesh",5,https://maps.google.com
G S NETRALAY JHALWA CHAURAHA,6392088138,NALINI GUPTA,JHALWA PEEPALGAON PRAYAGRAJ 211012,10,https://maps.google.com
MAIMUN HOSPITAL AND MATERNITY CENTRE,9839349538,DR MOHD SAGRUL ANSARI,"112/K/1Q/R, KARBALA, CHAKIYA, PRAYAGRAJ, UP",5,https://maps.google.com
D B HOSPITAL,9838581455,K S MAURYA,"4/127 AWAS VIKAS COLONY, JHUNSI, PRAYAGRAJ",12,https://maps.google.com
VIDYA AESTHETIC CENTER,9936408876,DR SANJAY TIWARI,"173/1/56, DR AK SOOR MARG TAGORE TOWN PRAYAGRAJ",5,https://maps.google.com
METRO HOSPITAL,9026906699,AHMAD ULLAH,"30/6A/3, SAUKAT ALI MARG, PRAYAGRAJ, UP",22,https://maps.google.com
KRISHNA HOSPITAL AND TRAUMA CENTRE,9415247597,DR M S BAGHEL,"16/1/28B STANLEY ROAD, MYOHALL PRAYAGRAJ, UTTAR PRADESH-211001",40,https://maps.google.com
AYUSHMAN HOSPITAL,7678948950,MOHD AMIR,"A-1060/2, G T B NAGAR, KARELI, PRAYAGRAJ, UP",10,https://maps.google.com
ANJALI MEDICARE,7457919118,UMESH SINGH,G-1-4 SECTOR GOVARDHAN KALINDIPURAM PRAYAGRAJ,5,https://maps.google.com
G S NETRALAY JHALWA CHAURAHA,6392088138,NALINI GUPTA,JHALWA PEEPALGAON PRAYAGRAJ 211012,10,https://maps.google.com
MAIMUN HOSPITAL AND MATERNITY CENTRE,9839349538,DR MOHD SAGRUL ANSARI,"112/K/1Q/R , KARBALA , CHAKIYA, PRAYAGRAJ , UP",5,https://maps.google.com
D B HOSPITAL,9838581455,K S MAURYA,"4/127 AWAS VIKAS COLONY , JHUNSI , PRAYAGRAJ",12,https://maps.google.com
VIDYA AESTHETIC CENTER,9936408876,DR SANJAY TIWARI,"173/1/56, DR AK SOOR MARG TAGORE TOWN PRAYAGRAJ",5,https://maps.google.com
METRO HOSPITAL,9026906699,AHMAD ULLAH,"30/6A/3 , SAUKAT ALI MARG , PRAYAGRAJ , UP",22,https://maps.google.com
KRISHNA HOSPITAL AND TRAUMA CENTRE,9415247597,DR M S BAGHEL,"16/1/28B STANLEY ROAD, MYOHALL PRAYAGRAJ, UTTAR PRADESH-211001",40,https://maps.google.com
AYUSHMAN HOSPITAL,7678948950,MOHD AMIR,"A-1060/2 , G T B NAGAR , KARELI , PRAYAGRAJ , UP",10,https://maps.google.com
ANJALI MEDICARE,7457919118,UMESH SINGH,G-1-4 SECTOR GOVARDHAN KALINDIPURAM PRAYAGRAJ,5,https://maps.google.com
NISHA HOSPITAL,9415613253,DR JAVED AHMAD,14 DEVGHAT DHUSSA JHALWA PRAYAGRAJ,5,https://maps.google.com
SHANTI HOSPITAL,9975194802,Dr Ajay kumar yadav,Rahimapur jhunsi prayagraj,10,https://maps.google.com
GALAXY HOSPITAL,7985173137,RAM CHANDRA YADAV,"36/1 , JAWAHAR LAL NEHRU ROAD , PRAYAGRAJ , UP",20,https://maps.google.com
BABYLON CHILDREN HOSPITAL,6387796336,DR NEHA DUA,22 M G MARG BEHIND BANK OF BARODA CIVIL LINES PRAYAGRAJ,5,https://maps.google.com
SHOBHA MULTISPECIALITY HOSPITAL,8308628384,GYANENDRA NATH TRIPATHI,"HIG- Y -2ND A28, NEAR - SBI BANK , OPP INDIAN GAS PLANT , TRIVENIPURAM , JHUNSI , PRAYAGRAJ",10,https://maps.google.com
"KAILASH MULTI SPECIALITY HOSPITAL,UNIT OF ARVIND SURGICAL AND RESEARCH CENTRE PVT LTD",9415215958,Dr ASHOK KUMAR TRIPATHI,"1/4E,126 P D TANDON ROAD CIVIL LINES PRAYAGRAJ 211001",10,https://maps.google.com
LIFE LINE HOSPITAL,9140060884,DR SACHIN SINGH,D2/3 2 COLWIN ROAD (LOHIA MARG) CIVIL LINES PRAYAGRAJ,35,https://maps.google.com
SAHARA HOSPITAL,8081241740,SWALIHA WASEEM,NALKOOP COLONY PHULPUR PRAYAGRAJ,10,https://maps.google.com
NEW SAHARA HOSPITAL,9451054311,Dr Ghazala Iqbal,B-13 KARELI PRAYAGRAJ,9,https://maps.google.com
ANJALI HEALTH CARE CENTRE,8874111167,SINDHU S,"34A/138A , OLD BAIRHNA , NEAR - OLD BAIRHNA OVER BRIDGE , PRAYAGRAJ ,UP",5,https://maps.google.com
SHRI RADHEY SHYAM HOSPITAL,9451102446,OM PRAKASH,58M/3C/6M GANGA NAGAR RAJAPUR PRAYAGRAJ,10,https://maps.google.com
Astha Multispeciality Hospital,8318113076,Dr Sankalp Gupta,152 Jhalwa Prayagraj,20,https://maps.google.com
KANAK MULTISPECIALITY HOSPITAL PVT LTD,9919503133,RAM MILAN KUSHWAHA,BARETHIYA JARI PRAYAGRAJ,15,https://maps.google.com
URVIL HOSPITAL,8787064815,VIJAY KUMAR,TATA COMPANY RANGAPURA PHAPHAMAU PRAYAGRAJ,5,https://maps.google.com
KRISHNA MOTHER AND CHILD HOSPITAL,7985563044,RUPA YADAV,"14C DAUD NAGAR , MEWALAL BAGIYA , NAINI , PRAYAGRAJ",5,https://maps.google.com
Devpad Hospital,8765433222,Anurag Agrawal,"172-A & 173-B Tagore Town, Prayagraj",18,https://maps.google.com
Rama Hospital,9415284935,Dr Umesh Singh,131 A Malviya Road George Town Prayagraj,15,https://maps.google.com
HOSPITAL AKSHAYVAT,7054201034,Dr R P Pandey,"HIG 110,111 ADA Colony Naini",30,https://maps.google.com
SANJEEVANI MULTISPECIALITY HOSPITAL,9264940433,Dr Monika Agarwal,"2/2, B/3F, Chak Satai Mishir, Arail, Prayagraj, U.P.",5,https://maps.google.com
Dr Anurag Singh Kidney Care Center,9455864299,Dr Anurag Singh,2/2 Muir Road Prayagraj,15,https://maps.google.com
STAR HOSPITAL,9452537867,Ubaid Ahmad,Lal Bihara Bamrauli Prayagraj,5,https://maps.google.com
Kidney Stone Hospital,7081900491,Dr Ruma Kumari,1-D A N Jha Marg Prayagraj,10,https://maps.google.com
PRAYAG HEART CARE CENTRE (A UNIT OF ADITYA HOSPITAL),7905632577,Ranjana Yadav,38/31 C Y Chintamani Road Darbanga Colony,30,https://maps.google.com
Krishna Multi Specialty Hospital,6390497847,Babita Mishra,Gaddopur Phaphamau Prayagraj,35,https://maps.google.com
SHIVAM AKSHAYAVAT MULTISPECIALITY HOSPITAL AND TRAUMA CENTER,9839909264,NAMRATA RAI,434 CHAK BABURA ADA COLONY NAINI PRAYAGRAJ,48,https://maps.google.com
POOJA HOSPITAL A UNIT OF POOJA MEDICARE PVT.LTD,9415305031,DR JYOTI BUSHAN,"139,19C MADAN MOHAN MALVIYA ROAD PRAYAGRAJ",30,https://maps.google.com
NEW ALAM HOSPITAL,9839614080,DR PARVEZ ALAM,30C SHAUKAT ALI ROAD PRAYAGRAJ,10,https://maps.google.com
RICHA DHMARTH HOSPITAL,9919249249,GYAN KUMARI,355A/183A/1 BAI KA BAGH RAMBAGH PRAYAGRAJ,15,https://maps.google.com
UJJEEVAN HOSPITAL AND TRAUMA CENTRE,9415322557,MUSHKAN SHARMA,KADILPUR TALUKA AADAMPUR PRAYAGRAJ,5,https://maps.google.com
Sartaj Hospital,9311860666,Dr Faisal Hussain,B1 GTB Nagar Awas Vikash Yojna Kareli,15,https://maps.google.com
GARVITA HOSPITAL,9415034135,DR KANIKA KUMAR,5-C BANK ROAD KATRA,25,https://maps.google.com
GLOBAL HOSPITAL & EYE RESEARCH CENTRE,7268914513,JAI SHANKAR PRASAD VAISH,322/24 BAI KA BAGH PRAYAGRAJ,10,https://maps.google.com
POONAM HOSPITAL,9454596161,POONAM SINGH,HIG 332 SECTOR A SHANTIPURAM PHAPHAMAU PRAYAGRAJ,10,https://maps.google.com
Jaya Hospital And Research Center,9415014796,Dr Anil Kumar Dwivedi,GT Road Handia Near LBS Ayurvedic medical College Prayagraj,5,https://maps.google.com
ALAM HOSPITAL,9415185101,DR INTEKHAB ALAM,"C-889, G T B NAGAR , KARELI , PRAYAGRAJ , U.P.",10,https://maps.google.com
AARAV BRAIN SPINE SUPER SPECIALITY HOSPITAL (A VENTURE OF ATHARV HEALTH SCIENCES PVT. LTD),9450668441,DR OM PRAKASH SINGH,"147A/2 JAWAHAR LAL NEHRU ROAD , TAGORE TOWN,NEAR BALSON CROSSING,PRAYAGRAJ.",20,https://maps.google.com
VASUDEV HOSPITAL,8957951594,RANJANA,2/24 HIG AVAS VIKAS COLONY YOJNA NO.-3 JHUNSI PRAYAGRAJ,10,https://maps.google.com
DEEN DAYAL MEDICARE CENTRE,9415032711,DEEPSHIKHA GUPTA,258 KALWARI TOLA NEW JHUNSHI PRAYAGRAJ,10,https://maps.google.com
Shri Basant Hospital,8318152201,Dr Satosh Kumar Maurya,Katka Jhunsi Prayagraj,10,https://maps.google.com
K.D. HOSPITAL,9140534390,SANJAY KUMAR TIWARI,"UTTHAN ROAD, JHALWA",20,https://maps.google.com
AKASH DEEP SEWA SANSTHAN SE SAMBANDH SACHAN POLY CLINIC,9839168921,BRAMHA PRASAD SACHAN,396C/4 CHANDPUR SALORI PRAYAGRAJ,10,https://maps.google.com
LIFE LINE HOSPITAL,7505612355,Dr Tajwar Sultana,"C-680, GTB Nagar Kareli Prayagraj",5,https://maps.google.com
GANGA MEMORIAL HOSPITAL,9198469904,PANKAJ KUMAR KUSHWAHA,"NASHIRAPUR, ANDAWA JHUNSI PRAYAGRAJ",10,https://maps.google.com
CITY HOSPITAL,8795204449,AYSHA SHAFEEQ,"D- 941, G.T.B NAGAR , KARELI , PRAYAGRAJ",10,https://maps.google.com
NALINI HOSPITAL,9559092500,MANJU RAVEE,"55/1/23 , KAMLA NEHRU ROAD , PRAYAGRAJ",10,https://maps.google.com
SANGAM HOSPITAL AND SURGICAL CENTRE,9415214752,DR P C YADAV,"305, MADHWAPUR, BAIRHANA, PRAYAGRAJ",20,https://maps.google.com
INDIRA IVF HOSPITAL PVT LTD,7665278665,MITESH DILIP DAVE,"41/2 MOHALLA CIVIL STATION, ELGIN ROAD,NEAR HANUMAN MANDIR CIVIL LINES PRAYAGRAJ UTTAR PRADESH",10,https://maps.google.com
VATSALYA AYURVEDIC HOSPITAL,9598050251,DR NEERAJ AGARWAL,PANWAR PARGANA ARAIL,45,https://maps.google.com
SHRI RAM HOSPITAL,9456781234,DR. ANIL KUMAR,"123, Civil Lines, Prayagraj",20,https://maps.google.com
GANGA CARE CLINIC,9876543210,DR. SUNITA VERMA,"456, MG Road, Prayagraj",15,https://maps.google.com
KUMBH HEALTH CENTER,9123456780,DR. RAJESH SHARMA,"789, Kumbh Marg, Prayagraj",25,https://maps.google.com
SARASWATI MEDICAL HALL,9988776655,DR. MEENA KAPOOR,"321, Sangam Vihar, Prayagraj",10,https://maps.google.com
PRAYAG DIAGNOSTIC CENTER,9090909090,DR. VIKAS GUPTA,"654, Anand Bhawan Road, Prayagraj",5,https://maps.google.com
HOLY RIVER HOSPITAL,9012345678,DR. AYESHA KHAN,"987, Yamuna Bridge, Prayagraj",30,https://maps.google.com
TRIVENI HEALTHCARE,9123456789,DR. NARESH KUMAR,"159, Triveni Road, Prayagraj",20,https://maps.google.com
SANGAM CITY HOSPITAL,9876543211,DR. RITA SINGH,"753, Sangam Nagar, Prayagraj",25,https://maps.google.com
New Yash Hospital,9695049685,SUMAN BHARTIYA,"CHANDERPUR URF BASMAHUA, SAHSON PRAYAGRAJ",10,https://maps.google.com
Shyama Devi Hospital,7388743865,Kusum Kumari,"B1, 120, Shantipuram, Phaphamau, Prayagraj",15,https://maps.google.com
Maharshi Hospital,9140912133,Sunita Patel,"14 C Daud Nagar, Mirzapur Road, Naini, Prayagraj",5,https://maps.google.com
AMAN MATERNITY AND INFERTILITY CENTRE,8795932466,DR SARAH MUKHTAR,"133 / M / H 35 / 5, Beniganj, Prayagraj, UP",7,https://maps.google.com
New Life Hospital,9792203203,Yogesh Kumar Maurya,"Agency Parivahan Nagar Yojana Ke House No 51, Prayagraj",40,https://maps.google.com
KIDWAI MEMORIAL CHARITABLE HOSPITAL,9794341464,KARIM ULLAH ANSARI,"B-Block, GTB Nagar, Kareli, Prayagraj",10,https://maps.google.com
NIDAAN HOSPITAL,9892787446,HITESH ABHAYRAJ SHUKLA,"Chak Harihar Van, Leelapur Road, Jhunsi",10,https://maps.google.com
Tara Memorial Hospital,8178649193,Dr Pratibha Saroj,"Dandi Bazar, Rewa Road, Prayagraj",5,https://maps.google.com
Ojas Hospital,9415621062,Dr Jyotirmaya Singh,537 Chak Babura Naini Prayagraj,5,https://maps.google.com
ADARSH HOSPITAL,9450315218,LOVLEEN YADAV,37 D LOWTHER ROAD,20,https://maps.google.com
SAI NATH MEDICARE,9935349994,DR VINEET KUMAR SINGH,142 CHANDRA SHEKHAR AZAD NAGAR MEHDAURI TELIYARGANJ PRAYAGRAJ,10,https://maps.google.com
GLOBAL KAMLA HOSPITAL AND TRAUMA CENTRE,8889995858,DR SUNIL KUMAR VISHWAKARMA,ABHAY CHANDRA NAGAR NEAR LEPROSY CHAURAHA NAINI PRAYAGRAJ,30,https://maps.google.com
GLOBAL HEALTH CARE HSPITAL,7860003000,MOHD ASIF ANWAR,219/2 REWA ROAD NEAR KHAN CHAURAHA MEHEWA PRAYAGRAJ,5,https://maps.google.com
Samrat Hospital,9555803085,Himanshu Thakur,181K Sarai Hariram Anshik Phulpur Prayagraj,5,https://maps.google.com
Shail Child Care & Physiotherapy Centre,9935424994,Dr Vibhor Srivastava,242/2A Jayantipur Dhoomanganj Prayagraj,5,https://maps.google.com
Saraswati Hospital,9838271007,Pravin Singh,326/0/1 Bai Ka Bagh Rambagh Prayagraj,20,https://maps.google.com
ALLAHABAD HEART CENTRE,9235463760,DR OMER MUSTAFA HASAN,"13-A KAMLA NEHRU ROAD, PRAYAGRAJ, U.P. - 211001",8,https://maps.google.com
Khalil Memorial Hospital,9450613892,Dr Mohd Rafiq,2/7 Phaphamau Baipas,5,https://maps.google.com
SOMWARI DEVI MEMORIAL HOSPITAL PVT LTD,8173862045,Anshu Verma,1B/15 Abhaychandpur Naini Prayagraj,30,https://maps.google.com
PRAYAGRAJ HOSPITAL,8318717320,SYED ARIZ AHMAD QADRI,B/55 G T B NAGAR KARELI PRAYAGRAJ,25,https://maps.google.com
Dr Preeti Maternity Center,7905473953,Dr Preeti Tripathi,36 Sarai Taki Jhunsi Prayagraj,20,https://maps.google.com
VASHNAVI HOSPITAL,9454255305,"Dr Sushma Khetan, Dr Prakash Khetan","MAHEWA REWA ROAD NAINI, PRAYAGRAJ",20,https://maps.google.com
SURABHI HOSPITAL,9415216401,DR MAHESH CHANDRA DUBEY,"776, Gaughat, Mutthiganj, Prayagraj",30,https://maps.google.com
J P MEMORIAL MEDICARE CENTRE,9305203941,Dr Kiran Patel,45/3/2B Stanley Road Behind Kia Showroom Prayagraj,10,https://maps.google.com
ANUPAM HOSPITAL,9305219990,Dr. Anoop Dwivedi,"103, Mission Road, Prayagraj",10,https://maps.google.com
MAHILA CARE FOUNDATION,9918519108,Dr. Meetu Kapoor,"329A/446 Atarsuiya, Prayagraj",5,https://maps.google.com
THE LIFE CARE HOSPITAL,9161552862,Sunil Kumar Yadav,"Chanda Pur Gaddopur, Prayagraj",30,https://maps.google.com
HI TECH I CARE CENTER,8573922233,Dr. Sunil Kumar Sah,"10 West Khushro Bagh Road, Lukerganj, Prayagraj",12,https://maps.google.com
DEV PRAYAG HOSPITAL,8890559812,Dr. Devendra Singh,"In Front of Mundera Sabji Mandi Gate No. 1, Mundera, Prayagraj",10,https://maps.google.com
Hayes Memorial Mission Hospital,9838303940,Prof. Dr. Robin L. Prasad,"Rewa Road, Naini, Prayagraj",15,https://maps.google.com
ARSH HOSPITAL,8299334613,Mumtaj Begum,"246/9/2B Hesting Road, Ashok Nagar, Prayagraj",5,https://maps.google.com
SURYA HOSPITAL,9335158288,Dr. Surya Bhan Singh,"236-A Chak Daud Nagar, Naini, Prayagraj",10,https://maps.google.com
Kanak Hospital Jhusi Prayagraj,7393952795,Hansaraj Tiwari,"Chetanpuri Colony, Jhusi, Prayagraj",5,https://maps.google.com
Abhilasha Hospital,6390763638,Narendra Khoparzi,"111, M G Marg, Allahabad",15,https://maps.google.com
Safiya Charitable Hospital,9415214230,Dr Nisar Ahmad,32 George Town,20,https://maps.google.com
SUHANA CHILD CARE CENTRE,9140078416,DR BIHARI LAL KESARWANI,68 / 6 D / 1 E CHINTAMANI ROAD,5,https://maps.google.com
GANGOTRI HOSPITAL AND TRAUMA CENTRE,7007943360,MUKESH KUMAR YADAV,559/371 KRISHNA NAGAR KYDGANJ NEAR ADC COLLEGE PRAYAGRAJ,30,https://maps.google.com
Shyama Hospital,9005041962,Ram Awatar Yadav,"8/226, Avas Vikas Colony Sector III Jhunsi",10,https://maps.google.com
SANGAM MEDICARE CENTRE,7398896181,RAM RAJ YADAV,121 BEGAM BAZAR BAMRAULI PRAYAGRAJ,5,https://maps.google.com
BALAJI INSTITUTE OF RENAL DISEASES,9450961638,DR VIDULA DILIP,7A/8A - PANNA LAL ROAD,48,https://maps.google.com
Amar Jyoti Medicare Centre,7618890387,Dr Dharmendra Kumar Prajapati,1013 Dariyabad,15,https://maps.google.com
Nandinis Orthonova Hospital,9984465432,Vijay Pratap Singh,"6/68 C Y Chintamani Road, George Town, Prayagraj",30,https://maps.google.com
Pandey Hospital,7991432898,Nagendra Kumar Pandey,"GT Road, Saray Inayat, Prayagraj",5,https://maps.google.com
Prabha Medical Centre,9415305091,Dr Ramesh Pratap Singh,"291 A Shantipuram, Prayagraj",30,https://maps.google.com
Saket Maternity and Nursing Home Pvt Ltd,9839087591,Dr Shashidhar Verma,"1203 BHS Kidwai Nagar, Allahpur, Prayagraj",48,https://maps.google.com
New Prayag Hospital,9935492211,Dr Smita Jaiswal,"633 Mauja Devrakh Uparhar, Naini, Prayagraj",9,https://maps.google.com
Sejal Nursing Home,9935032504,Surendra Kumar Kushwaha,"Naharpur Kanihar, Jhunsi, Prayagraj",5,https://maps.google.com
Mahalaxmi Netralaya and Maternity Centre,8687841200,Dr Komal Baniya,"74/2, Muirabad Chauraha, Stanley Road",15,https://maps.google.com
Relax Hospital And Trauma Centre,9454296834,Shalini Dwivedi,76/4 Stanly Road Myorabad Chauraha,12,https://maps.google.com
SHANKAR HOSPITAL,8052442061,BALLABH BHAI PATEL,19F/7A KHARKAUNI NAINI PRAYAGRAJ,12,https://maps.google.com
ASHWANI HOSPITAL,9415351054,DR ROHIT GUPTA,109/8 J L NEHRU ROAD PRAYAJRAJ,5,https://maps.google.com
Hayaat Hospital,9336921555,Mohammad Iqbal,7B Arail Mod Mirzapur Road Naini,20,https://maps.google.com
City Hospital & Orthopaedic Trauma Centre,9580246002,Dr Anil Kumar Singh,"43 Jawahar Lal Nehru Road, George Town Prayagraj",10,https://maps.google.com
AYUSHMAN HOSPITAL,6393439566,DR AMARESH SINGH,F 2nd/01 SHANTIPURAM PHAPHAMAU,10,https://maps.google.com
AMAN HOSPITAL,9452806841,MOHAMMAD IBRAHIM KHAN,"24/30/5 THORNHILL ROAD,CIVIL LINES",30,https://maps.google.com
Kailash Hospital & Research Centre,9336099092,Dr Prakash Khetan,5 A Lowther,10,https://maps.google.com
Sanskriti Hospital and Maternity Center,9838177333,Anita Tripathi,"10/10 6A-1 AN Jha Marg, George Town, Prayagraj",20,https://maps.google.com
Maa Gayatri Medical Centre,9335124941,Anil Kumar Chaturvedi,"Kaushambi Road, Jhalwa, Allahabad",16,https://maps.google.com
G S Hospital,9559111542,Balwant Yadav,"Bhagipur Road, Sarai Inayat, Prayagraj",5,https://maps.google.com
KAILASH HOSPITAL,9919715250,Arvind Kumar,"132 Manoharpuram, Jhalwa, Prayagraj",18,https://maps.google.com
AYAN HOSPITAL,9415214135,Neena Siddiqui,"B-46, G.T.B. Nagar, Kareli, Prayagraj",15,https://maps.google.com
AWADH CHIKITSALYA AND ORTHOPEDIC CENTRE,9415633478,Dr. H P Tiwari,"10/2/3D Lucknow Road, Phaphamau, Prayagraj",5,https://maps.google.com
PRABHA NURSING HOME,7706069022,Dr. Sudhanshu Shankar Upadhyay,"8/1 Association Road, George Town, Prayagraj",10,https://maps.google.com
LOKPRIYA HOSPITAL,9935870001,Dr. Pankaj Nigam,"54/4 Muir Road, Rajapur, Prayagraj",10,https://maps.google.com
USHA HOSPITAL,9415649380,Dr. Neeru Sahu,"111/161/316 Tagore Town, Prayagraj",10,https://maps.google.com
ASHA HOSPITAL,9839614080,Dr. Parvez Alam,"367 Jail Road, Naini, Prayagraj",10,https://maps.google.com
KAMLA HOSPITAL,9140666359,Dr. Sunil Kumar Vishwakarma,"Jhunsi Kohna, Jhunsi Phulpur, Prayagraj",20,https://maps.google.com
Devansh Rajendra Hospital,9415605663,Dr. Manoj Kumar Pandey,"Shantipuram, Phaphamau, Prayagraj",10,https://maps.google.com
GEETA HOSPITAL,9415215651,Dr. Tribhuwan Singh,"306/152 Tagore Town, Prayagraj",25,https://maps.google.com
K. D MEMORIAL HOSPITAL,9140534390,Sanjay Kumar Tiwari,"472/56D/1B Near 60 Fit Road, Ayodhyapuri Nai Basti, Beniganj, Prayagraj",10,https://maps.google.com
ALKA HOSPITAL,9935148244,Dr. Dinesh Chandra Srivastava,"42/17A Church Lane, Prayagraj",16,https://maps.google.com
ADYA HOSPITAL,7052900541,Dr. Devendra Datt Tiwari,"Andawan Bypass, Jhunsi, Prayagraj, UP 211019",40,https://maps.google.com
ZOHA RESEARCH & MATERNITY CENTER,9889004054,Dr. Mohd Belal,"332/4 Near Chakiya, GTB Nagar, Prayagraj",10,https://maps.google.com
ADYA HOSPITAL,7052900541,Dr. Devendra Datt Tiwari,"Andawan Bypass, Jhunsi, Prayagraj, UP 211019",40,https://maps.google.com
Dwarka Hospital,9415235795,Dr. Sushil Kumar,"5/4 K.P. Kakkar Road, Prayagraj",48,https://maps.google.com
Pratibha Medicare,9415238304,Pratibha Vishwakarma,"109A J L N Road, Prayagraj",15,https://maps.google.com
Care Hospital,9554897682,Dr. Shaista Rashid Ansari,"E-40, GTB Nagar, Kareli, Prayagraj",10,https://maps.google.com
S P Memorial Hospital,9415892250,Dr. Ranjana Singh,"8S Shantipuram, Phaphamau, Prayagraj",10,https://maps.google.com
Shreshthi Hospital and Laparoscopic Centre,9651509464,Shiv Prakash,"273/87 B, Tularambagh, Prayagraj",5,https://maps.google.com
Central Hospital,7651819378,Salma Siddiqui,"EWS Ada Colony, Preetam Nagar, Prayagraj",5,https://maps.google.com
G S Chandraul Hospital and Surgical Center,9415217681,Geeta Singh,"69C Chak Ponghat, Bamrauli, Prayagraj",20,https://maps.google.com
Usha Hospital,9415289774,Dr. Sharad Kumar Sahu,"39/2 George Town, Prayagraj",20,https://maps.google.com
Arogyam Hospital,9026685760,Dr. Anand Kumar Srivastava,"106 C Ashok Nagar, Prayagraj",16,https://maps.google.com
Tilak Hospital and Maternity Home,9415340337,Dr. Rachna Dwivedi,"P-70 Alopibagh, Prayagraj",20,https://maps.google.com
Svasti Hospital,9935209015,Amit Singh,"580 A/463 Mumfordganj, Prayagraj",10,https://maps.google.com
Shiva Hospital and Trauma Centre,9839721777,Dr. Dhirendra Pandey,"16B Stanly Road, Civil Lines, Prayagraj",30,https://maps.google.com
Kas Medicare Hospital,9415351376,Kapil Kumar Jaiswal,"D 94 Shantipuram, Phaphamau, Prayagraj",10,https://maps.google.com
NEW LIFE LINE HOSPITAL,7905884411,Dr. S. B. Yadav,"283A/2B Phaphamau Bazar Road, Prayagraj",9,https://maps.google.com
GHAUS MEDICARE CENTRE,9415634893,Dr. Firozuddin,"36K/1K/786 Gaus Nagar, Kareli, Prayagraj",20,https://maps.google.com
ANUJ CHIKITSALAYA,9236085447,Rajman Kushwaha,"Hetapatti, Prayagraj",5,https://maps.google.com
SHRI BHAGWATI MEDICARE CENTRE,9415677734,Dr. Vandana Mishra,"87 Naya Bairahna, Prayagraj",5,https://maps.google.com
SHRI MAHAVIR HOSPITAL,9415216925,Dr. Sangram Singh,"523A/2B/1 Beli Colony, Prayagraj",8,https://maps.google.com
YES CLINIC MATERNITY CENTRE,9415310537,Dr. Arvind Mishra,"HIG 27E Shanti Puram, Prayagraj",10,https://maps.google.com
JAGDISH MEMORIAL CLINIC,9451059770,Dr. Shikha Mathur,"162/15A Bank Road, Prayagraj",20,https://maps.google.com
SADA SEWA HOSPITAL,9517242791,Dr. Faishal Nabi,"423 D Neem Sarai Mundera, Allahabad",7,https://maps.google.com
AMAR MEMORIAL HOSPITAL,9415289622,HARI NARAYAN SINGH,SAHSON CHAURAHA SAHSON PRAYAGRAJ,30,https://maps.google.com
SHAKUNTALA MULTISPECIALTY HOSPITAL,8007166559,DR. S. K. DWIVEDI,120 INDIAN OIL ROAD TRIVENI PURAM JHUNSI ALLAHABAD,45,https://maps.google.com
CENTRAL HEALTH CARE,9956360785,DR. MOBIN AHMAD,CHANDAPUR GADDOPUR PHAPHAMAU PRAYAGRAJ,5,https://maps.google.com
SAVITRI HOSPITAL SHANTIPURAM PHAPHAMAU,9415348919,DR. B. N. SINGH KUSHWAHA,SAVITRI HOSPITAL SHANTIPURAM PHAPHAMAU,30,https://maps.google.com
SHRI NARAYAN ASHRAM HOSPITAL,9450403215,RAJ LAXMI ADHIKARI,SHIVKUTI TELIYARGANJ PRAYAGRAJ,30,https://maps.google.com
SAPNA HOSPITAL,9415218130,DR. SURESH KUMAR KAWATRA,"46-B, PUNJABI COLONY NAINI PRAYAGRAJ",30,https://maps.google.com
PRIYA HOSPITAL,7318002730,PRIYA DWIVEDI,19-B/1 HARWARA DHOOMANGANJ PRAYAGRAJ,20,https://maps.google.com
PRAGATI HOSPITAL,9415289095,DR. NIKUNJ KUMAR AGRAWAL,"19C/17/02, TASHKAND MARG, CIVIL LINES",15,https://maps.google.com
Shikhar Hospital,9415020776,Dr. Vinay Kumar Goyal,"60/39 Lukerganj, Prayagraj",30,https://maps.google.com
Panchsheel Hospital,9453458900,Dr. Saksham Agarwal,"31, Lowther Road, Prayagraj",30,https://maps.google.com
Jahangir Memorial Charitable Hospital,7860155555,Anwar Ahmad,"8/1, Arail Chauraha, Naini, Prayagraj",20,https://maps.google.com
Ranjana Hospital,9335106867,Ranjana Khanna,"13, D-Road, Prayagraj",10,https://maps.google.com
Deep Ganga Clinic Urology Center,9453034013,Dr. Rakesh Chandra Gupta,"8/8 Kutchery Road, Opp. Police Line, Prayagraj",13,https://maps.google.com
Madnani Medicare Pvt Ltd,9743754922,Dr. Siddharth Madnani,"236B Lukerganj, Prayagraj",48,https://maps.google.com
Damini Hospital,9415365717,Dr. Bihari Lal Kesherwani,"304 Attersuiya, Prayagraj",5,https://maps.google.com
Jeevan Sahara Hospital,9140541314,Dr. Abdul Vahid,"G-1-580, Kasari Masari, Prayagraj",10,https://maps.google.com
UJJWAL HOSPITAL AND MATERNITY CENTRE,9198710291,Dr. Neeru Srivastava,"A/6 Shantipuram Colony, Phaphamau, Prayagraj",10,https://maps.google.com
AANCHAL MULTI SPECIALITY HOSPITAL AND RESEARCH CENTRE,9415214660,Dr. Avanindra Agrawal,"136/177/A Noorullah Road, Prayagraj",15,https://maps.google.com
JIJIVISHA MEDICARE AND TRAUMA CENTRE,9415368249,Anjneya Shukla,"52/5 Malviya Marg, Prayagraj",20,https://maps.google.com
MK KESWANI HOSPITAL,9415262325,Dr. Gautami Keswani,"95, Alopibagh, Prayagraj",20,https://maps.google.com
VIJAY MEMORIAL HOSPITAL,9795941916,Dr. Sabita Dixit,"MIG 50 Preetam Nagar, Prayagraj, UP",10,https://maps.google.com
SANGAM HOSPITAL,9918968444,Dr. Mohd Nezam Siddiqui,"Jagrati Chauraha, Kalindripuram, Prayagraj",5,https://maps.google.com
JAI MAA SHARDA HOSPITAL,9236084885,Ashok Kumar Kushwaha,"Malawa Bujurg, Malawa Khurd, Prayagraj",5,https://maps.google.com
ASHIRWAD HOSPITAL,9695180950,Dr. R K Singh,"Sumerpur Chaibaiyan, Prayagraj",20,https://maps.google.com
Medimax Healthcare and Research Centre,9919704745,Dr. Sharad Gupta,"18-B, Nanaya Marg, Hastings Road, Ashok Nagar",10,https://maps.google.com
Virendra Hospital,9795585875,Rajendra Prasad Mishra,"7 Stanly Road Civil Lines, Prayagraj",30,https://maps.google.com
Anand Hospital,9935616851,Dr. N. N. Dubey,"11/17 Muir Road, Prayagraj",45,https://maps.google.com
Harsh Hospital,9473742313,Dr. Sujita Singh,"20/9, Chak Imam Ali, Naini",10,https://maps.google.com
Brijrani Memorial Hospital,6389529690,Dr. Neelam Shukla,"31/13-C Harwara Dhoomanganj, Prayagraj",30,https://maps.google.com
Haridaya Superspeciality Centre,9415214339,Dr. Ashish Tandon,16/28 Stanley Road Near Police Line,20,https://maps.google.com
Ganga Deep Medicare Services Pvt Ltd,9451562850,Dr. O. P. Gupta,"17/19, Kasturba Gandhi Marg",25,https://maps.google.com
Priti Medical Research and Charitable Trust,9415238504,Dr. Anil Kumar Gupta,29 B Panna Lal Road,20,https://maps.google.com
Delhi Ortho Spine Multispeciality Hospital,9621808684,Dr. Rajesh Kumar Singh,"145Q/1R, Meerapatti, Dhooman Ganj",35,https://maps.google.com
JAIN HOSPITAL,9369797690,Sant Kumar Jain,"61, Lowther Road, George Town",30,https://maps.google.com
PRITI HOSPITAL,9451847645,Dr. Amit Kumar Gupta,29 B Panna Lal Road,48,https://maps.google.com
VIJAYA HOSPITAL AND TRAUMA CENTRE,9453774840,Dr. Kanchan Singh,"7/1/A Stretchy Road, Civil Lines, Prayagraj, Uttar Pradesh",20,https://maps.google.com
CHIRANJIV HOSPITAL,9455498766,Dhananjay Singh,"44/1B, Madhwapur, Prayagraj",20,https://maps.google.com
A R P Hospital,8423355100,Anjani Kumar Dwivedi,"32 Chak Babura Naini, Prayagraj",20,https://maps.google.com
Riti Eye Care Hospital,8901011082,R. Vasantha Kumar,"15/26 A Stanley Road, Civil Lines",5,https://maps.google.com
Amita Multi Specialty Hospital,8299171710,Dr. Rohit Gupta,7/2 Lowther Road,30,https://maps.google.com
Vinayak Superspeciality Hospital,7600913625,Dr. Vaibhav Krishna,"66/2B Stanley Road, Mumfordganj, Prayagraj",40,https://maps.google.com
Trinity Heart Care Centre,9415648339,Dr. Sandeep Mishra,"70/72 Stanley Road, Mamfordganj, Prayagraj",8,https://maps.google.com
New Jai Hospital,9695426555,Suruchi Kesarwani,"66/2 Stanley Road, Prayagraj",15,https://maps.google.com
Maa Bhagwati Mother and Child Care Centre,9794271848,Dr. Harshit Dwivedi,"2/2/1A, Muir Road, Prayagraj",15,https://maps.google.com
Fatima Memorial Hospital,9026109235,Dr. Mohd Ali Siddiqui,"261/1 Sadiyapur, Noorulla Road, Prayagraj",20,https://maps.google.com
Eye Life Centre,9695133333,Dr. Rohit Agarwal,"B-72, Sector-B, Shantipuram, Phaphamau, Prayagraj",10,https://maps.google.com
Guru Gobind Singh Memorial Hospital,9415215354,Dr. Kartikeya Sharma,"50/26C Strachy Road, Civil Lines, Prayagraj",40,https://maps.google.com
Bhola Hospital,9415338907,Dr. Harish Kesarwani,"12/13 Lowther Road, Darbhanga Colony, Balson, Prayagraj",20,https://maps.google.com
Sardar Patel Hospital,9369465243,Dr. Shardool Singh,"Near Alopibagh Chungi, Prayagraj",20,https://maps.google.com
DRS HOSPITAL,9415235078,Dr. Dev Raj Singh,"H-1, DRS Hospital, Transport Nagar, Prayagraj",40,https://maps.google.com
Yashlok Hospital And Research Centre,9415236846,Dr. Kapil Kulshreshtha,"43A/31A, Hashimpur Road, Prayagraj",45,https://maps.google.com
SANGAM HOSPITAL,9565140227,Dr. Vibha Rai,"8C/2, Awas Vikas Colony, Jhunsi, Prayagraj",20,https://maps.google.com
Harsh Hospital,8354888550,Dr. Mukul Pandey,"76-A, Lowther Road, Near Medical Crossing, Allahabad",45,https://maps.google.com
ONKAR HOSPITAL,9369655090,Dr. Yaduvendra Kumar,"Baram Ki Mori, Near Jeevan Jyoti Public School, Bheerpur, Prayagraj",10,https://maps.google.com
SHEETAL NURSING HOME,9956988074,Narendra Kumar,"Mansurabad Bazar, Near Vijay Sweet House, Prayagraj",5,https://maps.google.com
MASIHA NURSING HOME,9453316071,Dr. Anis Akhtar,"205H/24K/1, Kasari-Masari, Infront of Bharat Petroleum, Prayagraj",5,https://maps.google.com
Prayag Hospital and Ultrasound,9415189356,Prabhakar Singh,"Chaukhata Bharat Nagar, Prayagraj",5,https://maps.google.com
Dev Nursing Home,7523943576,Yogendra Rao,"Pidoriya Road, Near State Bank of India, Soraon, Prayagraj",15,https://maps.google.com
Garima Nursing Home,6388582237,Satyendra Pratap Singh,"Balkaranpur Beni Ka Pura, Near Lahati Nahar, Sikandra Road, Prayagraj",10,https://maps.google.com
Kusum Hospital,9889966077,Heera Lal Gupta,"Hulasganj Dahiyanwa, Soraon, Prayagraj",10,https://maps.google.com
Indra Hospital,9125822776,Mukesh Paswan,"Mohiuddinpur, Bhusa Wale Ki Bagal, Babupur Road, Mama Bhanja Ka Talab, Prayagraj",5,https://maps.google.com
C.L. Patel Hospital,9415630476,Babbu Singh,"Puramufti G.T. Road, Prayagraj",5,https://maps.google.com
Prateek Orthocare and Fracture Centre,9198167153,Rajesh Vishwakarma,"Ward No. 13, Behind Maharishi Inter College, Handia, Prayagraj",12,https://maps.google.com
Gaurav Hospital,9793528552,Dr. Mohd Shamim,"Koraon, Prayagraj",12,https://maps.google.com
Krishna Hospital,9696741365,Himanshu Mishra,"Daulatpur Nibi Kalan, Jhunsi, Prayagraj",5,https://maps.google.com
Calcutta Diagnostic Centre & Hospital,9935503336,Md Shahid Ansari,"Chilbila Bazar, Manda Road, Prayagraj",5,https://maps.google.com
Dr. Sharma Hospital,9451127442,Raju Lal Sharma,"Dando Post, Jari, Prayagraj",5,https://maps.google.com
Shivam Charitable Hospital,9457475544,Dr. Anish Sanjay,"Gauhaniya, Jasra, Prayagraj",10,https://maps.google.com
Sumeena Hospital,8127101584,Anurodh Pratap,"Nawabganj, Atrampur, Prayagraj",5,https://maps.google.com
Anam Poly Clinic,7007197756,Mohd Mamoon Ahmad,"Banda Road Block, Jasra, Gohania, Prayagraj",5,https://maps.google.com
Manraji Hospital,9026639107,Vijay Singh,"Bendo, Karchana, Prayagraj",5,https://maps.google.com
Divya Jyoti Ayush Hospital,7388917449,Dr. Rajiv Kumar Tiwari,"Kheska, Dhaewara, Karchana",15,https://maps.google.com
Shri Balaji Hospital,7660762526,Archana,"Khanpur Meja Road, Meja, Prayagraj",5,https://maps.google.com
PRITI HOSPITAL,7309692786,Dr. Vivek Kumar Yadav,"Mailaha Bahariya, Prayagraj",5,https://maps.google.com
SAKSHI HOSPITAL,6393874906,Rakesh Kumar,"Dadauli, Lakadmandi, Soraon, Prayagraj, UP",5,https://maps.google.com
MRITYUNJAY HOSPITAL,8517968878,Sri Pankaj Pathak,"Shankargarh Road, Nari Bari, Prayagraj",10,https://maps.google.com
Sardar Patel Hospital,7704907205,Arvind Kumar Patel,"Nari Bari, Chakghar Road, Prayagraj",10,https://maps.google.com
SAGAR HOSPITAL,8707865726,Asheesh Kumar,"Bheerpur, Karachhana, Prayagraj",5,https://maps.google.com
ABHAY JEEVAN HOSPITAL AND MATERNITY CENTRE,9335399454,Dr. Lal Ratnakar,"Rithaiya, Ramapur, Hanumanganj, Prayagraj",15,https://maps.google.com
NAYAK HOSPITAL,7355525341,Abhishek Kushwaha,"Manda Road, Nahwai, Bhartganj Marg, Prayagraj",5,https://maps.google.com
Jeevan Deep Hospital,9140247202,Aarma Begum,"Allahabad Faizabad Marg, Beside Over Bridge, Mauaima, Prayagraj",10,https://maps.google.com
NISHA HOSPITAL,7754830825,Dr. Eram Ayub,"Holagarh Mod, Soraon, Prayagraj, UP",10,https://maps.google.com
VINDHYVASINI HOSPITAL,7860315670,Rambahadur Yadav,"Janta Bazar, Nedula Saraymamrej, Handia, Prayagraj",5,https://maps.google.com
New Prayag Hospital,8115533963,Ajaharuddin,"Akodha, Meja, Prayagraj",10,https://maps.google.com
STAR HOSPITAL,9235146072,Dr. Mukesh Kumar,"Dhanua Chauraha, Rewa Road, Naini, Prayagraj",5,https://maps.google.com
SAHARA HOSPITAL,9721829234,Dr. Gayas Ahmad Asnari,"Village Mahrupur, Post Uttroan, District Prayagraj",10,https://maps.google.com
Mannat Hospital,7408273311,Dr. Aphtab Ansari,"Khasara No. 140, Lendiyari Nebi Road, Near Police Chowki, Koraon, Prayagraj",10,https://maps.google.com
Amrit Kalash Chikitsalaya,9415368249,Dr. Anjneya Shukla,"Khanpur Sirsa, Meja, Prayagraj",5,https://maps.google.com
Satguru Hospital and Critical Care Centre,9519613377,Dr. Pratap Ghanshyam Singh,"Shivrajpur, Shankargarh, Prayagraj, U.P. - 212108",48,https://maps.google.com
Sri Balaji Hospital,8400424225,Dr. Pallavi Singh,"Pillar No 46, In Front of HDFC Bank, Jaiswal Market, Handia, Prayagraj",5,https://maps.google.com
Anshu Hospital,9956880998,Arun,"260 Karma, Prayagraj",10,https://maps.google.com
Maa Vindhyavasini Hospital,9307605464,Pankaj Kumar Singh,"Ghatwa Sonai, Karchhana, Prayagraj",5,https://maps.google.com
Prakash Poly Clinic,7905788431,Ravi Kumar,"723, Sadhanganj to Sewait Road, Soraon, Prayagraj, UP",5,https://maps.google.com
Ujala Hospital,9793786240,Sanjay Kumar Yadav,"Sarai Alauddin Urf Jogapur, Mauaima, Prayagraj",10,https://maps.google.com
Rajiv Eye Hospital,9198730303,Dr. Rajiv Kumar Pandey,"Mauja Hathighan Sampatti Sankhya 1587, Nawabganj, Soraon, Prayagraj",10,https://maps.google.com
Ziya Hospital,9580390929,Dr. Aftab Alam,"Hanumanganj, Fatuha Road, Phoolpur, Prayagraj, UP",5,https://maps.google.com
Vedang Hospital,8318807280,Suraj Kumar Sharma,"Kalyanpur Holagarh, Soraon, Prayagraj",5,https://maps.google.com
Deepak Hospital,7905254747,Deepak Maurya,"Mansoorabad, Prayagraj",5,https://maps.google.com
Globus Hospital,9455463672,Mo Hasanain,"Sarai Abdul Malik, Near Sabji Mandi, Phoolpur, Prayagraj",5,https://maps.google.com
Aksha Hospital,9935804677,Isharat Ali,"Sahabpur Bazar, Atrampur, Nawabganj, Prayagraj",5,https://maps.google.com
Rose Memorial Hospital,7052983448,Shubhas Chandra,"Balipur, Handia, Prayagraj",5,https://maps.google.com
H L Patel Hospital,8887748738,Dr. Chandan Kumar,"Kanakpur (Natwa Chauraha), Handia, Prayagraj",5,https://maps.google.com
Sharadha Hospital,9119927142,Mohammad Shahban,"Bhavpur, Shivgarh Chauraha, Prayagraj, UP",20,https://maps.google.com
Divya Hospital,9415643858,Sarita Singh,"Sarai Alauddin Urf Jogapur, Block Bazar, Mauima, Prayagraj",10,https://maps.google.com
Kamala Hospital,9838230515,Pradeep Singh Yadav,"Village-Samhan Tikuri, Meja Road, Prayagraj",10,https://maps.google.com
Raj Hospital,6391773525,Arun Kumar Patel,"Sikandra Road Ahiya Pur, Phulpur, Prayagraj",5,https://maps.google.com
KD Hospital,7007975042,Arun Singh,"Sen Nagar Chauraha, Shankargarh, Prayagraj",10,https://maps.google.com
Omkar Hospital,7292050130,Sudha Singh,"Babuganj, Phulpur, Prayagraj",10,https://maps.google.com
Ram Vishal Memorial Poly Clinic,9935958052,Reeta,"Puramufti, GT Road, Prayagraj",5,https://maps.google.com
Kailash Hospital,9936884788,Madhuri Yadav,"Arwashimai, Bahadurgarh, Phoolpur, Prayagraj, UP",10,https://maps.google.com
Riddhi Siddhi Hospital,9336105010,Vandana Tiwari,"Mama Bhanja Ka Talab, COD Road, Naini, Prayagraj",10,https://maps.google.com
B.L. Memorial Hospital,9956423417,Kanchan Lata,"Meja Khas, Meja, Prayagraj, UP",5,https://maps.google.com
ANGEL CARE HOSPITAL,7007819694,MOHD RASHID,KATRA CHAURAHA UBHARI ROAD,30,https://maps.google.com
RASAR BHITI HANDIA PRAYAGRAJ,9452092304,RAJEEV MAURYA,BHITI HANDIA PRAYAGRAJ,25,https://maps.google.com
PATEL POLYCLINIC,9956360983,RAM POOJAN PATEL,PREM NAGAR CHAURAHA TAUKALPUR SORAON PRAYAGRAJ,5,https://maps.google.com
NARAYAN HOSPITAL,9559904862,NARAYAN PATEL,BARI BAJAHIYA BELSARA KAUDIHARA KARCHHANA PRAYAGRAJ,10,https://maps.google.com
AMIR BANO MEMORIAL HOSPITAL,7408687852,MERAJUDDIN SIDDHIQUI,PURANI BAZAR PURAMUFTI PRAYAGRAJ,10,https://maps.google.com
GUPTA HOSPITAL,7457979196,ANJANA,KODAPUR DEEWANGANJ PHULPUR PRAYAGRAJ,5,https://maps.google.com
NEW LIFE LINE HOSPITAL,8798214121,MOHAMMAD REHAN,HANDIA JANGHAI ROAD PRAYAGRAJ,15,https://maps.google.com
BALAJI HOSPITAL,6392619663,DR SHRI KRISHN PATEL,NAYAGANJ PURAMUFTI,10,https://maps.google.com
MADHU HOSPITAL,7522831399,SIKANDAR,SAMODHIPUR HIGHWAY UTRAON HANDIA,10,https://maps.google.com
KAMLA HOSPITAL,9140266031,PANKAJ SINGH,PANTI MEJA ROAD PRAYAGRAJ,5,https://maps.google.com
Bharat Hospital,9919352962,Harfool Yadav,Rudapur Devnahari Phulpur Prayagraj,20,https://maps.google.com
DEEP ORTHOPEDIC CENTRE,8400675004,PAVAN KUMAR MISHRA,RAMGARH HOLAGARH SORAON PRAYAGRAJ,10,https://maps.google.com
APEX LIFE CARE HOSPITAL,9792991210,SURAJ KUMAR BIND,"KAGAPUR, DHANJAEGA, HANDIA, PRAYAGRAJ, UP",10,https://maps.google.com
KRISHNA HOSPITAL,9935573802,DR RAM KRISHNA BHATT,BHAGWATIPUR SRINGERAIRPUR PRAYAGRAJ,15,https://maps.google.com
MA ISARAJA DEVI CHARITABLE HOSPITAL,7388438240,RAMAKANT PAL,"SIRHIR, MEJA, PRAYAGRAJ, UP",5,https://maps.google.com
ADARSH HOSPITAL,9935552265,DR R P PATWA,PURAMUFFTI MANAURI ROAD,5,https://maps.google.com
BHARAT HOSPITAL,8318387602,DR ABDUL AZAM KHAN,AKBARPUR SALLAHPUR GURUDWARA PURAMUFTI PRAYAGRAJ,10,https://maps.google.com
SRI SAI NATH PGIH & RESEARCH CENTER,9415216969,DR S M SINGH,VILL MOHIUDDINPUR BHARETH PARGANA & TAHSIL SADER BAMRAULI BLOCK BHAGWATPUR PRAYAGRAJ,25,https://maps.google.com
AAROGYAM HOSPITAL,7843978126,GULAM WALI,"IN FRONT OF - KANAK GUEST HOUSE , BHARATGANJ , PRAYAGRAJ , U.P.",5,https://maps.google.com
JAGRITI HOSPITAL,9198791002,DR ANIL KUMAR MAURYA,"MANSHI KHURD , BABUGANJ , PHOOLPUR , PRAYAGRAJ , U.P.",5,https://maps.google.com
PRAKASH HOSPITAL,9936835159,ASHA DEVI YADAV,"VILL & POST - SORAON , PRAYAGRAJ , U.P.",5,https://maps.google.com
Aditi Hospital,6387181629,Dr Lal Bahadur,Bamauha Phaphamau Road Near Ram Dular Degree College Sahshon Prayagraj,10,https://maps.google.com
ASHA HOSPITAL,7080666598,PRAKASH CHANDRA YADAV,VILL AND POST KAUDIHAR PRAYAGRAJ,5,https://maps.google.com
Vinod Hospital,9793710073,Harish Chandra Singh,360 Shastri Nagar Koran Prayagraj,5,https://maps.google.com
RAUNAK HOSPITAL,7607197821,RAMAN BHASHKAR,SARAY KHWAJA URF BHAGOLA BHARIYA PRAYAGRAJ,5,https://maps.google.com
NAVJEEVAN CLINIC,9336342613,DR MADHVENDRA MISHRA,54/2/25/02 MUIR ROAD RAJAPUR PRAYAGRAJ,5,https://maps.google.com
H N Hospital,9026549590,Girija Shankar Yadav,Pachdevara Karchhana,5,https://maps.google.com
S.P. PATEL HOSPITAL,9628742268,OM PRAKASH PATEL,"MUHIUDDINPUR , SARAY MAMREZ , PHULPUR , PRAYAGRAJ",5,https://maps.google.com
SRI RAM HOSPITAL & MATERNITY CENTRE,7752820754,BRIJENDRA BAHADUR,"KAURIHAR , PRAYAGRAJ , U.P.",5,https://maps.google.com
HARIOM HOSPITAL,7905583556,NAND KUMAR SAHU,BHARHA KARCHHANA PRAYAGRAJ,10,https://maps.google.com
AMAN HOSPITAL,9198625804,AMAR SINGH,"NAHAR DADAULI CHAURAHA , SORAON PRAYAGRAJ , UP",5,https://maps.google.com
ADARSH HOSPITAL,8052536015,DILEEP KUMAR,SADA BARAUNA BALIPUR ARA KALA HANDIA PRAYAGRAJ,5,https://maps.google.com
NIRMALA HOSPITAL,9415171998,AJAY KUMAR YADAV,RASTIPUR CHAURAHA BARIYA RAM SORO PRAYAGRAJ,5,https://maps.google.com
SUSHMA HOSPITAL,8953248649,SURY PRATAP PAL,SILOKHARA SIKANDRA PRAYAGRAJ,5,https://maps.google.com
NAV JEEVAN HOSPITAL,9695738314,JAY DEVI,RASAR BHITI BARAUT HANDIA PRAYAGRAJ,30,https://maps.google.com
RENU CLINIC AND MATERNITY CENTRE,7897961588,ATUL KUMAR SAROJ,"RAMNAGAR NIJAAMPUR, DADULI SARAON, PRAYAGRAJ, U.P.",5,https://maps.google.com
AAROGYA HOSPITAL,8887701174,ANUBHAV SHUKLA,"KATAHARA BAZAR, HANDIA, PRAYAGRAJ, U.P.",10,https://maps.google.com
SATYA SAI HOSPITAL,9005807389,SHEETLA PRSHAD SINGH,BIGAHANI PURANIPUR ROAD MEJA PRAYAGRAJ,3,https://maps.google.com
ADARSH HOSPITAL,9598292986,DR MOHAMMAD ASIF,BEERQAZI IFFCO PETROL PUMP PHULPUR PRAYAGRAJ,5,https://maps.google.com
NEW LIFE HOSPITAL,7897491847,Dr Subhash Kumar Saroj,Nawabganj Prayagraj Lucknow Road Prayagraj,20,https://maps.google.com
SARJO HOSPITAL,9454197107,DR DEEPIKA SINGH,CHAUKATHA BHARAT NAGAR SHANKARGARH BARA PRAYAGRAJ,5,https://maps.google.com
Ganga Devi Hospital,9125524764,Dr Ashok Kumar,Handia Prayagraj,5,https://maps.google.com
SHREE RAM HOSPITAL,9936083131,DR RAJESH GOSWAMI,GOSAI KA PURA ASEPUR HANDIA,10,https://maps.google.com
M/s ADITI HOSPITAL AND MATERNITY CENTRE,8400105984,JANG BAHADUR,"KATHARA OPP JANTA DHARAM KANTA, HANDIA, PRAYAGRAJ",5,https://maps.google.com
MAHARANI HOSPITAL,9336421387,BHANU PRATAP,GHOGHAPUR POST BALAPUR GHURPUR KARCHHANA PRAYAGRAJ,5,https://maps.google.com
SANJEAVNI HOSPITAL,7408045004,DR MOHD EMAM,MOHIUDDINPUR SAMIMANROJ,10,https://maps.google.com
ALLAHABAD HOSPITAL,9793252098,MOHD KALAM HASHMI,"SHRIPUR, IMAMGANJ, DHOWAHA, PRAYAGRAJ",5,https://maps.google.com
New Visheshar Hospital,9452052931,Nirmala Devi,Village Belhabagh Sikandara Prayagraj,10,https://maps.google.com
R D MEMORIAL HOSPITAL,9335155072,VIJAY NATH KUSHWAHA,puramufti manauri road,10,https://maps.google.com
VIJAY HOSPITAL,9794273325,SHAILENDRA KUMAR,"KALUAPUR, HARISANGANJ, PRAYAGRAJ, UP",5,https://maps.google.com
Janta Hospital,9116246609,Kuldeep Kumar Prajapati,Arazi No 155Mi Dulhapur Jhunsi Prayagraj,10,https://maps.google.com
Sadhna Hospital,9936741322,Ram Shiromani,"Survnwa Dalapur Manda Meja, Prayagraj",5,https://maps.google.com
DEEPAK HOSPITAL,8576851726,DEEPAK KUMAR PATEL,"HOLAGARH MOD, NAHAR KE BAGAL, SORAO, PRAYAGRAJ",5,https://maps.google.com
Anant Hospital,9935492740,Dr Alok Kumar Kesharwani,"Jogapur, Sultanpur Khas Block Bazar Mauaima",10,https://maps.google.com
BISWAS HOSPITAL,8004040422,DR RAHUL BISWAS,BARAUT HANDIA,5,https://maps.google.com
Awadh Hospital,8416986396,Divya Singh,"Arazi No-470 Kanihar, Jhunsi, Prayagraj",10,https://maps.google.com
Rahul Hospital,9936506726,Bharat Biswas,"Katahara Bazar, Dhanupur Road, Handia, Prayagraj",5,https://maps.google.com
Vidya Hospital,9452689319,Kamlesh Kumar,"G. T. Road Bagaha, Handia, Prayagraj",5,https://maps.google.com
VIHAN HOSPITAL,7355082149,Dr. Rahul Kumar,"Dahiyava, Holagarh, Prayagraj, U.P.",5,https://maps.google.com
Meera Devi Hospital,9792839253,Dr. Sandhya Goel,"Kutub Patti Urf Aahiyapur Dhokri Sikandara, Prayagraj",10,https://maps.google.com
ANAJNI HOSPITAL,9935925049,Girish Chandra Srivastava,"Dharaw Nara Tikari Babhani Hethar Manda, Prayagraj, Uttar Pradesh",10,https://maps.google.com
ANANYA HOSPITAL,9355664843,Prem Narayan Prajapati,"Hata Market Manda, Prayagraj",5,https://maps.google.com
ASHIRWAD HOSPITAL,9140676503,Kanhai Lal,"Chaka Naini, Prayagraj",10,https://maps.google.com
ANANT HOSPITAL & DIAGNOSTIC CENTRE,7073187098,Nidhi Yadav,"Rampur Chauraha, Prayagraj",10,https://maps.google.com
Nandani Hospital & Surgical Center,9936995938,Bhagvant Lal Yadav,"Handia, Prayagraj",5,https://maps.google.com
Jeevan Deep Hospital,9838321915,Arjun Singh,"Rampur, Karchana, Prayagraj",8,https://maps.google.com
Zohra Hospital,9559521011,Dr. Rizwan Ahmad,"Bunda, Jasra, Prayagraj",15,https://maps.google.com
Shiv Ganga Hospital,6386562840,Pradumn Tripathi,"Peepal Gaon Road, Near Gas Godam, Jhalwa",10,https://maps.google.com
Shanti Patel Hospital,9648063673,Bhola Patel,"Birbhanpur Chauraha, Sikandara Road, Phulpur, Prayagraj 212402",5,https://maps.google.com
Shyam Hospital and Maternity Center,8805364375,Dr. Snehlata,"Malak Harhar, Soraon, Prayagraj",5,https://maps.google.com
Dr. S S Memorial Hospital,8778890543,Dr. Amar Jeet Yadav,"Donaiya Chauraha, Bahariya, Phulpur, Prayagraj",5,https://maps.google.com
Medical Sathi Hospital,7503686864,Dr. Rajjan Prasad,"Village Koksand (Kushgarh), Post Baraon, Tehsil Karchana, Dist Prayagraj",40,https://maps.google.com
GOLDEN LIFE HOSPITAL,9120408008,RAM CHANDRA PATEL,"MOHIUDDINPUR, HANDIA, PRAYAGRAJ",5,https://maps.google.com
ARYA HOSPITAL,8009045327,RAMCHANDRAWAL,PYAGIPUR HANDIA CHAKA PRAYAGRAJ,5,https://maps.google.com
NARAYAN SWAROOP MEDICARE CENTRE,9336494937,MOHD ISRAR,"BASHUPUR, HANDIA, PRAYAGRAJ",10,https://maps.google.com
MATRI CHHAYA HOSPITAL,9112591716,RAJ KUMAR SINGH YADAV,"VILLAGE-RAMNAGAR, TEHSIL-MEJA, DISTRICT-PRAYAGRAJ",5,https://maps.google.com
KALASH HOSPITAL,9793036298,MUKADAM SINGH,PANKAJ NAGAR BILARI BARAUT HANDIA PRAYAGRAJ,5,https://maps.google.com
VINDHY CHARITABLE HOSPITAL,9956161340,RAJESH KUMAR SAROJ,"JANGHAI BAZAR, PRAYAGRAJ",5,https://maps.google.com
INDRAPRASTHA MEDICARE HOSPITAL PRIVATE LIMITED,9695022218,RAHUL YADAV,VILL. SARAI DARA SIKOH URF MIJHUR POST. KARNAIPUR DIST PRAYAGRAJ 212109,45,https://maps.google.com
NEW LIFE HOSPITAL,6394899312,DR SANT LAL YADAV,JOGAPUR SABJIMANDI MAUAIMA PRAYAGRAJ U.P.,10,https://maps.google.com
LILAVATI HOSPITAL,9958879900,ANKIT SRIVASTAVA,"BUNDAWA, JASRA, PRAYAGRAJ, U.P.",10,https://maps.google.com
A.G. HOSPITAL,7985092461,MANIK CHANDRA,HARISENGANJ SORAON PRAYAGRAJ,5,https://maps.google.com
AAROGYAM CARE HOSPITAL,6394005838,AMARESH KUMAR PANDEY,282 DANDUPUR KARCHHANA PRAYAGRAJ,30,https://maps.google.com
HARIOM MEDICAREV,8896899192,AKHILESH KUMAR PAL,TARON KORAON,5,https://maps.google.com
SHIVMURTI LIFE LINE HOSPITAL,7408962945,MEENAL SINGH,"HABEEBPUR ISIPUR, JHUNSI, PRAYAGRAJ",10,https://maps.google.com
AARTI HOSPITAL & MATERNITY CENTRE,9956978138,AKASH MAURYA,MAUAIMA PRAYAGRAJ,5,https://maps.google.com
PRAYAG HOSPITAL,9026688926,RAKESH KUMAR YADAV,PURSHOTTAMPUR URF GARAPUR,5,https://maps.google.com
Sarju Patel Hospital,8726165187,Avadhesh Kumar,Mailhan Phulpur Prayagraj,10,https://maps.google.com
KRISHNA HOSPITAL,9999448283,RICHA TIWARI,"RUDAPUR, TATIHARA PHULPUR ALLAHABAD",5,https://maps.google.com
SHRI BAGRANG SEWA SANSTHAN CHIKITSALAYA,9236000400,ANIL KUMAR KUSHWAHA,TAKIYA CHAURAHA GARAPUR PRAYAGRAJ,5,https://maps.google.com
Satyam Hospital,8318088805,Dr Rajeev Kumar Dwivedi,Karchana Prayagraj,20,https://maps.google.com
Shubham Hospital,9125524764,Nirmala Devi,G T Road Baraut Handia Prayagraj,10,https://maps.google.com
J N Hospital,9452009835,Dr A K Singh,Baba Nagarm Kamsini Road Janghai Prayagraj,5,https://maps.google.com
PRAKASH HOSPITAL,8858487147,VIJAY BABU,GANDHIYANV KARCHHANA PRAYAGRAJ,10,https://maps.google.com
Anjali Health Medicare Centre,8585659685,Priyanka Singh Maurya,Chiti Bhogni Ghoorpur Prayagraj,15,https://maps.google.com
KRISHNA NURSING HOME,7905960389,SHIV VIJAY SINGH,DEEHA KARCHHANA PRAYAGRAJ,5,https://maps.google.com
KRISHNA PATEL HOSPITAL,8858497651,KRISHNA PATEL,JALALPUR MALUHA SORAON PRAYAGRAJ,5,https://maps.google.com
MEWA LAL MEMORIAL HOSPITAL,9580996626,DILIP KUMAR,GOVIND PUR CHOUBARA SORAON PRAYAGRAJ,5,https://maps.google.com
Poonam Hospital,9198317210,Dr Sanjeev Saha,Vill- Sawara Jallalpur Prayagraj,5,https://maps.google.com
D. C. Hospital,8127067024,Vinay Kumar Yadav,"Himunagar Bazar, Baraut, Handia, Prayagraj",5,https://maps.google.com
MAHAK HOSPITAL,9151598783,HISAMUDDIN,JOGAPUR BLOCK BAZAR MAUAIMA PRAYAGRAJ,5,https://maps.google.com
M Lal Hospital,9452164192,Dr Kamlesh Kumar,Lala Bazar Handia Prayagraj,5,https://maps.google.com
NAV JEEVAN HOSPITAL,9455386709,ASHVANEE KUMA,RAM NAGAR MEJA PRAYAGRAJ UP 212305,5,https://maps.google.com
Asha Hospital,9415817713,Muenuddin,Bharari Bharatganj Prayagraj,5,https://maps.google.com
S S HOSPITAL,8299767001,SANJAY SINGH PATEL,"NEAR - CHC, JASRA, PRAYAGRAJ, U.P.",5,https://maps.google.com
HARIOM HOSPITAL,9415101018,AMIT KUMAR,SAHSON BYPASS PHULPUR PRAYAGRAJ,5,https://maps.google.com
TAMANNA HOSPITAL,9161507767,DR SHAIKH MOIN UDDIN,"IFFCO GATE NO 3, BEERKAJI ROAD, PHULPUR, PRAYAGRAJ",10,https://maps.google.com
Ayush Hospital And Medicare Center,9265157312,Ajay Kumar Patel,Mohammadabad Kathera Handia Prayagraj,20,https://maps.google.com
Saujanya Hospital,9415367120,Dharm Raj Singh,Maheshpur Patel Nagar Jhunsi Prayagraj,25,https://maps.google.com
DRUTI HOSPITAL,8175891007,DR JAGDISH PRASAD DUBEY,MALAK HARHAR,10,https://maps.google.com
NEW J P PATEL MEMORIAL MEDICARE CENTRE,9307612001,Manoj Kumar Kanaujia,Thanapur Semari Gate Highway Sahson,10,https://maps.google.com
G R LIFE CURE HOSPITAL,9559212048,DR MOHD AHMAD,HOLAGARH MOD SORAON PRAYAGRAJ,5,https://maps.google.com
SHRI RAMA HOSPITAL,8103071340,GULAB CHANDRA PATEL,"BEENA KUNJ COLONY NEAR GIRNAR HOTAL, CHAUKATHA POST BHARATNAGAR TAHSIL BARA",15,https://maps.google.com
SUNDARAM MEDICARE CENTRE AND SHARMA HOSPITAL,9450632353,DR SUBHASH CHANDRA,SADHU KUTI BELA CHAURAHA KARCHANA,7,https://maps.google.com
S P S Hospital,9415636851,GYAN SINGH,"ABUSA MORH, SARAI INAYAT",20,https://maps.google.com
Dr Dharmraj Singh Hospital And Child Care Centre,8542070770,Dr Sandeep Kumar Singh,Pillar No-1 Dakshin Patti Bhiti Chauraha,5,https://maps.google.com
Vandana Hospital,7068280923,Ajay Kumar Yadav,Dulmapur Kodhapur Phulpur Prayagraj,5,https://maps.google.com
Jeevan Raksha Hospital,7388412080,Jeetendra Singh,"Balipur, Handia, Prayagraj",15,https://maps.google.com
PALAK CHIKITSALAYA,8953102651,MOHD IRFAN,VILL AND POST SORAON PRAYAGRAJ,5,https://maps.google.com
SAI MEDICARE CENTER,6392645002,Ram Kumar Yadav,Umariya Road Kalyanpur Prayagraj,5,https://maps.google.com
S S HOSPITAL,8299767001,SANJAY SINGH PATEL,"NEAR - CHC, JASRA, PRAYAGRAJ, U.P.",5,https://maps.google.com
HARIOM HOSPITAL,9415101018,AMIT KUMAR,SAHSON BYPASS PHULPUR PRAYAGRAJ,5,https://maps.google.com
TAMANNA HOSPITAL,9161507767,DR SHAIKH MOIN UDDIN,"IFFCO GATE NO 3, BEERKAJI ROAD, PHULPUR, PRAYAGRAJ",10,https://maps.google.com
Ayush Hospital And Medicare Center,9265157312,Ajay Kumar Patel,Mohammadabad Kathera Handia Prayagraj,20,https://maps.google.com
Saujanya Hospital,9415367120,Dharm Raj Singh,Maheshpur Patel Nagar Jhunsi Prayagraj,25,https://maps.google.com
DRUTI HOSPITAL,8175891007,DR JAGDISH PRASAD DUBEY,MALAK HARHAR,10,https://maps.google.com
NEW J P PATEL MEMORIAL MEDICARE CENTRE,9307612001,Manoj Kumar Kanaujia,Thanapur Semari Gate Highway Sahson,10,https://maps.google.com
G R LIFE CURE HOSPITAL,9559212048,DR MOHD AHMAD,HOLAGARH MOD SORAON PRAYAGRAJ,5,https://maps.google.com
SHRI RAMA HOSPITAL,8103071340,GULAB CHANDRA PATEL,"BEENA KUNJ COLONY NEAR GIRNAR HOTAL, CHAUKATHA POST BHARATNAGAR TAHSIL BARA",15,https://maps.google.com
SUNDARAM MEDICARE CENTRE AND SHARMA HOSPITAL,9450632353,DR SUBHASH CHANDRA,SADHU KUTI BELA CHAURAHA KARCHANA,7,https://maps.google.com
S P S Hospital,9415636851,GYAN SINGH,"ABUSA MORH, SARAI INAYAT",20,https://maps.google.com
Dr Dharmraj Singh Hospital And Child Care Centre,8542070770,Dr Sandeep Kumar Singh,Pillar No-1 Dakshin Patti Bhiti Chauraha,5,https://maps.google.com
Vandana Hospital,7068280923,Ajay Kumar Yadav,Dulmapur Kodhapur Phulpur Prayagraj,5,https://maps.google.com
Jeevan Raksha Hospital,7388412080,Jeetendra Singh,"Balipur, Handia, Prayagraj",15,https://maps.google.com
PALAK CHIKITSALAYA,8953102651,MOHD IRFAN,VILL AND POST SORAON PRAYAGRAJ,5,https://maps.google.com
SAI MEDICARE CENTER,6392645002,Ram Kumar Yadav,Umariya Road Kalyanpur Prayagraj,5,https://maps.google.com
AK MEMORIAL CLINIC AND HOSPITAL,9125690901,GAUTAM RAI,"SIRSA MARG, MEJA ROAD, PRAYAGRAJ",5,https://maps.google.com
GAURI DEVI HOSPITAL,6394580153,Madhuri Mandal,"MEJA ROAD, KOHDAR ROAD, ALLAHABAD",20,https://maps.google.com
ALBAKI MEMORIAL HOSPITAL,9936271417,DR SHAMSHUL ARFEEN,SARAIGHANI POST BAHARIYA PRAYAGRAJ,10,https://maps.google.com
Kamla Hospital And Maternity Center,9936486388,Ravindra Kumar Yadav,Sarhurdas Urf Mahajudwa Phulpur Prayagraj,15,https://maps.google.com
Pooja Hospital,9935953273,Shivmani,Khwas Ka Tara Manda Khas,5,https://maps.google.com
NEW PRITI HOSPITAL,9935915334,SHIV MURTI PATEL,LAKADMANDI NAHAR DADAULI MAUAIMA PRAYAGRAJ,5,https://maps.google.com
RED APPLE HOSPITAL,9984573000,SARTAJ ALAM,MALAK CHATURI SORAON PRAYAGRAJ,10,https://maps.google.com
Arogyam Hospital,7666157848,Rajeev Nayan,Mahuri Naini,25,https://maps.google.com
Dr Ambedkar Hospital,7897491848,Dr Subhash Kumar Saroj,Rani Ka Pura Paschim Nara Holagarh Soraon Prayagraj,20,https://maps.google.com
VIJAY LAXMI HOSPITAL,8299038856,Dr Achal Dwivedi,Pitipur Kaudihar Prayagraj,5,https://maps.google.com
Arogya Hospital,9598473120,Dr Rajnish Kumar,Ward No-13 Handia Prayagraj,8,https://maps.google.com
SAKSHI HOSPITAL,9450523395,Dharm Pal,"Kaudihar, Prayagraj",15,https://maps.google.com
USHA NURSING HOME,9628176666,Mool Chandra Yadav,Semra Kalwna Prayagraj,5,https://maps.google.com
Sachan Hospital,8381838513,Dr Shailendra Kumar,Ghoorpur Rewa Road,5,https://maps.google.com
R B MEDICARE CENTRE,9839247020,Naseem Akhtar,Mauaima Kasba Mauaima Prayagraj,5,https://maps.google.com
New Jahangeer Hospital,9935958750,Dr Sadare Alam,Bharatganj Prayagraj,5,https://maps.google.com
Prayagraj Hospital,6387181627,Dr Lal Bahadur,Power House Habusa Modh Hanumanganj Phoolppur Prayagraj,10,https://maps.google.com
MADHU PRABHA HOSPITAL,9935070234,SUDHANSHU TRIPATHI,KAUDIHAR CHAURAHA KAUDIHAR PRAYAGRAJ,10,https://maps.google.com
Jyoti Hospital,9984247471,Samir Kumar Biswas,Maja Road,5,https://maps.google.com
Sampa Hospital,9565052888,Dr Sanjeev Saha,Sahson Prayagraj,20,https://maps.google.com
Garvita Hospital,9450846868,Dr Satya Yadav,Jaitapur Handia Prayagraj,10,https://maps.google.com
JMC HOSPITAL,7860029018,MANOJ KUMAR SHUKLA,IRADATGANJ GHOORPUR,8,https://maps.google.com
R K PATEL MEDICARE CENTRE,7317391355,RAKESH KUMAR,BABUGANJ MAILHA SIKANDARA PHOOLPUR PRAYAGRAJ,10,https://maps.google.com
ARFI CLINIC AND MATERNITY CENTRE,9794560400,ALA UDDIN,RAILWAY STATION ROAD MAUAIMA PRAYAGRAJ,15,https://maps.google.com
SAROJ PATEL NURSING HOME,9336838566,SHIV POOJAN PATEL,USARHI SHIVGARH SORAON PRAYAGRAJ,10,https://maps.google.com
SUKRIT HOSPITAL,9793045577,RAJNI KANT KUMAR,"TULSI VIDYALAYA ROAD, KORAON",10,https://maps.google.com
Pragya Hospital,9919023426,Prabhakar Singh,Nari Bari Road Rambhawan Chauraha Shankargarh Prayagraj,10,https://maps.google.com
NEW ROYAL HOSPITAL,9129746585,DR BRIJESH KUMAR JAISWAL,MEJA KHAS MEJA,5,https://maps.google.com
PARWATI HOSPITAL,7523852757,RAM MURTI VISHWAKARMA,SULTANPUR KHAS MAUAIMA PRAYAGRAJ,5,https://maps.google.com
AMAR DEEP HOSPITAL,9793789825,CHANDRA JEET YADAV,"ACHHOLA , MEJA ACHHOLA KACHHAR ALLAHABAD",5,https://maps.google.com
R V PATEL NURSING HOME,9956520520,RANVIJAY SINGH PATEL,HOLAGARH MOD SORAON PRAYAGRAJ,5,https://maps.google.com
Guru Kripa Lalan Hospital,9794125945,Dr Nimish Agarwal,Pachdevra Karchhana,5,https://maps.google.com
Unnat Hospital And Trauma Center,9839345050,Vinod Kumar Singh,Gauhaniya Ghoorpur Prayagraj,5,https://maps.google.com
Anmol Medicare,9651865837,Naval Kishor,Taraon Koraon Prayagraj 212306,10,https://maps.google.com
Arya Jeevan Raksha Hospital,9005063713,Subhash Chandra,Tela Road Baraut Handia Prayagraj,10,https://maps.google.com
BABUAN HOSPITAL,7985484488,Dharmendra Kumar Singh,"Birpur, Karchhana, Prayagraj",5,https://maps.google.com
NEW MAHEK HOSPITAL,9415026593,Dr Suresh Kumar,Mohammadpur Saraiali Block Bazar Mauima Prayagraj,10,https://maps.google.com
JANTA HOSPITAL,9451848499,Ganeshi Lal Singh,Glass Factory Iradatganj Ghoorpur,15,https://maps.google.com
AMAN HOSPITAL,9918007373,Dr Mansoor Alam,Block Bazar Mauima Prayagraj,15,https://maps.google.com
NEW KIRTI HOSPITAL,7355929842,Krishna Kumar Mishra,Manu Ka Pura Meja Prayagraj,5,https://maps.google.com
AYUSH MEDICARE CENTRE,9919023361,DR ATEEK AHMAD,PONGHAT PUL BAMRAULI PRAYAGRAJ,5,https://maps.google.com
JANHIT HOSPITAL,7905126792,DR VYANJANA PANDEY,RAMPUR KARCHHANA PRAYAGRAJ,25,https://maps.google.com
Amit Hospital,8127161148,Sushila Devi,"Lala Bazar, Handia, Prayagraj",5,https://maps.google.com
Kamala Hospital And Trauma Center,8127688814,Krishna Nand Srivastava,"Ajana Chauraha, Saidabad, Handia, Prayagraj",10,https://maps.google.com
Ram Lakhan Mishra Hospital,7042546482,Rajendra Prasad Mishra,"Chaturpatti Haripur, Marrown, Dhanupur, Handia, Prayagraj",10,https://maps.google.com
Om Hospital,9450860958,Sri Kripa Shankar Yadav,Sadarepur Road Baraut,5,https://maps.google.com
JAN SEWA HOSPITAL,9415257511,Ajay Kumar Singh,"Kanihar Road Bandhwa Tahirpur Jhunsi, Prayagraj, Uttar Pradesh",5,https://maps.google.com
R N Memorial Medicare Centre,9198317154,Satyendra Singh,Semri Pratappur,5,https://maps.google.com
Chaudhary Health Care Center,8960363355,Dr Bhupendra Chaudhary,"Gandhi Chauraha, Chamanganj, Meja Wali Road, Koraon, Prayagraj",25,https://maps.google.com
EMERGNCY HOSPITAL,8738073040,Dr Gangotri Prasad Mishra,"236, Koraon, Ward No 7, Shastri Nagar (Bhavani Avas Gali), Koraon, Prayagraj",8,https://maps.google.com
SHYAM HOSPITAL,7317492325,Dr Man Singh,"Vill Surwal Chandel, Post Naribari, NH30, Bara, Prayagraj, Uttar Pradesh 212106",5,https://maps.google.com
Habeeb Memorial Hospital,9919050475,Khaleel Ulla Ansari,"Bhopatpur, Sahson Bypass, Sahson, Prayagraj",5,https://maps.google.com
B.L. Memorial Hospital,9935119600,Dr Kranti Tiwari,"Ward No-4, Sichai Colony, Handia, Allahabad",10,https://maps.google.com
Alam Hospital,9935414603,Dr Syed Mukhtar Alam,"Near Thana, Soraon, Prayagraj",5,https://maps.google.com
Prabhu Chikitsalaya,9140548560,Dr Ashutosh Mishra,"Jalalpur Chandhan, Kaurihaar, Tehsil - Soraon, Thana - Nawabganj, Prayagraj",5,https://maps.google.com
Jeevan Deep Medical Care Centre,7905908691,Dr Annad Achyut,"Rasar, Baraut, Prayagraj",10,https://maps.google.com
ABHISHEK CHIKITSA SANSTHAN,7570014790,LAL JI BIND,MAHESHPUR PATELNAGAR JHUNSI PRAYAGRAJ UTTAR PRADESH 211019,5,https://maps.google.com
Janseva health care center,7985401732,Bajbahadur singh,Savandeeh gulhariya phoolpur prayagraj,5,https://maps.google.com
SRM Hospital,9335099991,Manoj Shukla,Dabhaon Dandi Prayagraj,30,https://maps.google.com
JEEVAN DEALAYEP CHIKISALAY,9415523023,VIJAY BAHADUR,BIBIWARI NAGNATHPUR SAIDABAD PRAYAGRAJ,10,https://maps.google.com
RAM KRISHNA HOSPITAL,9794571910,DR RUPESH TRIPATHI,"KAURIHAR BAZAR, POST - ATRAMPUR, NAWABGANJ",5,https://maps.google.com
NOOR SAFI MATERNITY HOSPITAL,9451845470,DR JUNAID ALAM,MALAK CHATURI SORAON PRAYAGRAJ,5,https://maps.google.com
Vidyawai Hospital,9936222355,Rajesh Kumar Dwivedi,Mandi samiti Road Meja Road Prayagraj,12,https://maps.google.com
GURU KRIPA HOSPITAL,9451301692,prabha shankar,BARAUT HANDIA PRAYAGRAJ,15,https://maps.google.com
HARIDHAM HOSPITAL,9455425161,DR ASHWINI KUMAR PANDEY,SAHSON ROAD BAJRANG MANDIR (DURJANPUR) ANDAWAN,10,https://maps.google.com
SAHAJ HOSPITAL,8922004345,DR AJAY SINGH,HARISHENGANJ MAUAIMA PRAYAGRAJ,5,https://maps.google.com
NEW PATEL HOSPITAL,9793679266,SAIYED JAHID ALI,VILL AND POST SORAON PRAYAGRAJ,5,https://maps.google.com
PRAYAG HOSPITAL,9935660797,PEER MOHAMMAD,RAMNAGAR MEJA PRAYAGRAJ,10,https://maps.google.com
JAN SEWA HOSPITAL,9935660797,PEER MOHAMMAD,MEJA KHAS MEJA PRAYAGRAJ,10,https://maps.google.com
URMILA HOSPITAL,9415828917,ASHISH KUMAR,URMILA HOSPITAL RATEWARA MOD KORAON PRAYAGRAJ,5,https://maps.google.com
FIROZ MEMORIAL CHARITABLE HOSPITAL,9415826442,MOHD AHATESHAM UDDIN,MIRZAPUR ROAD RAMPUR KARCHHANA PRAYAGRAJ,35,https://maps.google.com
Maa Shitala Sahaj Hospital,9935824489,Santosh Kumar Pandey,"Gunai Gaharpur Meja, Prayagraj",10,https://maps.google.com
M/S SHIVAM HOSPITAL,9935682003,DR GP SHUKLA,"SIRSA ROAD, SAIDABAD, PRAYAGRAJ",5,https://maps.google.com
Jeevan Raksha Hospital,9076734533,Pramod Kumar Yadav,Meja Road,5,https://maps.google.com
ALFIYA HOSPITAL,7607253284,NASEEMUDDIN,SULTANPUR KHAS MAUAIMA PRAYAGRAJ,5,https://maps.google.com
Upkar Charitable Clinic,9956027607,Gyan Bahadur Srivastava,40 No Gomti Phaphamau Prayagraj,5,https://maps.google.com
M/S MAA SHARDA HOSPITAL,7317078915,MANOJ KUMAR SINGH,"NARI BARI, ALLAHABAD",20,https://maps.google.com
Ayush Hospital,7388537834,Dr D K Mishra,Kaudhiyara Prayagraj,10,https://maps.google.com
SATYAM CHIKITSALAY SAHSON BYPASS PRAYAGRAJ,7800397854,DR RAM CHANDRA YADAV,SAHSON BYPASS PRAYAGRAJ,10,https://maps.google.com
YASH HOSPITAL,9936113018,Narendra Kumar Singh,Ward No1 Ambedakar Nagar Koraon,10,https://maps.google.com
SHARAD HOSPITAL,9450616511,Dr Kalu Ram,Pali Babuganj,10,https://maps.google.com
NEW JAN JEEWAN HOSPITAL,9792540751,UMA YADAV,"MASHRDI, KATAHARA, HANDIA",30,https://maps.google.com
SHILA HOSPITAL,9839420367,DR V P KESHARI,SULTANPUR KHAS MAUAIMA PRAYAGRAJ,5,https://maps.google.com
SHRI KRISHNA HOSPITAL,8127252588,VINOD KUMAR PRASAD,MARAUKA ROAD TCI CHAURAHA MAHEWA NAINI PRAYAGRAJ,20,https://maps.google.com
RAJ HOSPITAL,6393387761,DR VIJAY BAHADUR,"SHIV KA PURA, SARAIMAMAREJ,PRAYAGRAJ",10,https://maps.google.com
DIKSHA HOSPITAL,9198759398,RAMESH KUMAR SINGH,DIKSHA HOSPITAL UNIT OF DIKSHA VANDITA HOSPITAL PVT LTD GT ROAD SUDIPUR HANUMANGANJ PRAYAGRAJ,20,https://maps.google.com
SAMEERA HOSPITAL,9452606619,DR SANA KHAN,WARD NO-08 KATRA DAKSHINI BHARATGANJ MEJA PRAYAGRAJ,10,https://maps.google.com
SHREE GANGA HOSPITAL,9919272547,PREM SHANKAR MISHRA,"MUNGARI, KARCHHANA",5,https://maps.google.com
SHARAD HOSPITAL,9450616511,Dr Kalu Ram,Pali Babuganj,10,https://maps.google.com
NEW JAN JEEWAN HOSPITAL,9792540751,UMA YADAV,"MASHRDI, KATAHARA, HANDIA",30,https://maps.google.com
SHILA HOSPITAL,9839420367,DR V P KESHARI,SULTANPUR KHAS MAUAIMA PRAYAGRAJ,5,https://maps.google.com
SHRI KRISHNA HOSPITAL,8127252588,VINOD KUMAR PRASAD,MARAUKA ROAD TCI CHAURAHA MAHEWA NAINI PRAYAGRAJ,20,https://maps.google.com
RAJ HOSPITAL,6393387761,DR VIJAY BAHADUR,"SHIV KA PURA, SARAIMAMAREJ,PRAYAGRAJ",10,https://maps.google.com
DIKSHA HOSPITAL,9198759398,RAMESH KUMAR SINGH,DIKSHA HOSPITAL UNIT OF DIKSHA VANDITA HOSPITAL PVT LTD GT ROAD SUDIPUR HANUMANGANJ PRAYAGRAJ,20,https://maps.google.com
SAMEERA HOSPITAL,9452606619,DR SANA KHAN,WARD NO-08 KATRA DAKSHINI BHARATGANJ MEJA PRAYAGRAJ,10,https://maps.google.com
SHREE GANGA HOSPITAL,9919272547,PREM SHANKAR MISHRA,"MUNGARI, KARCHHANA",5,https://maps.google.com
ORGAN HOSPITAL PRIVATE LIMITED,9415235157,RAJESH KUMAR SHARMA,DEVRI KALAN KHAIN KARCHHANA PRAYAGRAJ,40,https://maps.google.com
SAMIR CLINIC,9695795200,DR MOHD NAEM,SORAON HOLAGARH MOD PRAYAGRAJ,10,https://maps.google.com
LIFE CARE MEDICAL CENTRE,9554827777,HARI LAL YADAV,"GHATWA, KARCHHANA, PRAYAGRAJ, U.P.",10,https://maps.google.com
SATGURU HOSPITAL,9519613377,DR PRATAP SINGH,BESIDE RELIANCE PETROL PUMP SHIVRAJPUR SHANKARGARH,10,https://maps.google.com
NEW LIFE CARE HOSPITAL,9935220312,UDAY SINGH PATEL,VILL AND POST SHIVGARH SORAON PRAYAGRAJ,5,https://maps.google.com
JEEVAN DEEP HOSPITAL,9415272703,SHIV KUMAR,JEEVAN DEEP HOSPITAL KUKHUDI MANDA,10,https://maps.google.com
JAN SEWA CHIKITSALAYA,9451840801,DR GULAB SINGH,MOHANGANJ MUGARSAN PRAYAGRAJ,15,https://maps.google.com
JEEVAN DEEP CHARITABLE MEDICARE CENTER,9793447021,DR HARISHANKAR YADAV,CHUCKA MOAD JANGHI PRAYAGRAJ,10,https://maps.google.com
Rama Devi Hospital,9695072425,Dr Pradeep Kumar Patel,Azad Nagar Phulpur Prayagraj,5,https://maps.google.com
LIFE CARE HOSPITAL,9026346438,DR MAHTAB ALAM,SULTANPUR KHAS MAUAIMA PRAYAGRAJ,10,https://maps.google.com
AYESHA HOSPITAL,9867678808,DR IRSHAD AHMAD,BLOCK BAZAR MAUAIMA PRAYAGRAJ,10,https://maps.google.com
NIMMI POLYCLINIC AND SURGICAL CENTRE,9935285897,AWDHESH KUMAR KUSHWAHA,SULTANPUR KHAS MAUAIMA PRAYAGRAJ,5,https://maps.google.com
JAN MANASH HOSPITAL,7860029001,MOHAMMED SALIM,BHADRA MAMA BHANJA TALAB REEWA ROAD PRAYAGRAJ,5,https://maps.google.com
Priya Hospital And Trauma Center Pvt Ltd,9452494122,Ram Milan Yadav,Rajapur Maksoodan Soraon Prayagraj,10,https://maps.google.com
Jeem Memorial Hospital,8795629147,Atul Kumar Giri,"Nahwai, Manda Road, Prayagraj",15,https://maps.google.com
RAZA HOSPITAL,9935663335,AHMAD RAZA KHAN,"RAZA HOSPITAL, PURANI POLICE CHOKI KE SAMNE, BHARATGANJ",6,https://maps.google.com
SAKSHI CHARITABLE HOSPITAL,9005234627,SANTOSH KUMAR,WARD NO 13 HANDIA PRAYAGRAJ,20,https://maps.google.com
PRAYAG NURSING AND MATERNITY HOME,9415253435,DR APARNA PATHAK,Near Bus Stand Prayagraj Jaunpur Highway Phulpur Prayagraj,25,https://maps.google.com
JEEVAN DISHA HOSPITAL,9005735131,DR DINESH KUMAR SRIVASTAVA,SIRSA MEJA PRAYAGRAJ,5,https://maps.google.com
RAJ MEDICAL CENTRE,9616511121,SHOBHA KUSHWAHA,VILL AND POST HATHIGAHAN PRAYAGRAJ,5,https://maps.google.com
RAJ HOSPITAL,8299105567,DR RANJEET SINGH,MUGARSON HANUMANGANJ PRAYAGRAJ,10,https://maps.google.com
SARDAR PATEL HOSPITAL,7905750296,DR R K VERMA,VILL AND POST SORAON PRAYAGRAJ,49,https://maps.google.com
ROHIL CHARITABLE MANAV SANSTHAN,8853819189,SANDHYA PATEL,DONAIYA CHAURAHA BAHRIA PRAYAGRAJ,30,https://maps.google.com
ADARSH CLINIC AND SURGICAL CENTRE,7054231111,DR KAMLESH KUMAR SINGH,GT ROAD HANUMANGANJ PRAYAGRAJ,9,https://maps.google.com
